# ************************************************************
# Sequel Pro SQL dump
# Version 4541
#
# http://www.sequelpro.com/
# https://github.com/sequelpro/sequelpro
#
# Host: 127.0.0.1 (MySQL 5.7.23)
# Database: Huntley
# Generation Time: 2019-06-16 23:14:33 +0000
# ************************************************************


/*!40101 SET @OLD_CHARACTER_SET_CLIENT=@@CHARACTER_SET_CLIENT */;
/*!40101 SET @OLD_CHARACTER_SET_RESULTS=@@CHARACTER_SET_RESULTS */;
/*!40101 SET @OLD_COLLATION_CONNECTION=@@COLLATION_CONNECTION */;
/*!40101 SET NAMES utf8 */;
/*!40014 SET @OLD_FOREIGN_KEY_CHECKS=@@FOREIGN_KEY_CHECKS, FOREIGN_KEY_CHECKS=0 */;
/*!40101 SET @OLD_SQL_MODE=@@SQL_MODE, SQL_MODE='NO_AUTO_VALUE_ON_ZERO' */;
/*!40111 SET @OLD_SQL_NOTES=@@SQL_NOTES, SQL_NOTES=0 */;


# Dump of table book_huntley_prices
# ------------------------------------------------------------

DROP TABLE IF EXISTS `book_huntley_prices`;

CREATE TABLE `book_huntley_prices` (
  `book_id` int(11) NOT NULL,
  `new_shelf_price` double DEFAULT NULL,
  `used_shelf_price` double DEFAULT NULL,
  `new_rental_price` double DEFAULT NULL,
  `used_rental_price` double DEFAULT NULL,
  PRIMARY KEY (`book_id`),
  KEY `fkIdx_336` (`book_id`),
  CONSTRAINT `FK_336` FOREIGN KEY (`book_id`) REFERENCES `books` (`book_id`)
) ENGINE=InnoDB DEFAULT CHARSET=utf8;



# Dump of table books
# ------------------------------------------------------------

DROP TABLE IF EXISTS `books`;

CREATE TABLE `books` (
  `book_id` int(11) NOT NULL AUTO_INCREMENT,
  `title` varchar(200) DEFAULT NULL,
  `isbn10` varchar(15) DEFAULT NULL,
  `isbn13` varchar(15) DEFAULT NULL,
  `edition` varchar(20) DEFAULT NULL,
  `author` varchar(200) DEFAULT NULL,
  PRIMARY KEY (`book_id`)
) ENGINE=InnoDB DEFAULT CHARSET=utf8;

LOCK TABLES `books` WRITE;
/*!40000 ALTER TABLE `books` DISABLE KEYS */;

INSERT INTO `books` (`book_id`, `title`, `isbn10`, `isbn13`, `edition`, `author`)
VALUES
	(1,'Anthology of Arabic Literature, Culture, and Thought from Pre-Islamic Times to the Present: Wiht Online Media','0300228872','9780300228878',NULL,'Bassam K. Frangieh'),
	(2,'Arabic for Life','0300141319','9780300141313',NULL,'Bassam K. Frangieh'),
	(3,'A Dictionary of Modern Written Arabic','0879500034','9780879500030',NULL,'Hans Wehr'),
	(4,'Corporate Finance','013408327X','9780134083278','4th','Jonathan Berk, Peter DeMarzo'),
	(5,'Microeconomics','0134167384','9780134167381','4th','Jeffrey M. Perloff'),
	(6,'Business Law and the Regulation of Business','1305509552','9781305509559','12th','Richard A. Mann, Barry S. Roberts'),
	(7,'Business Law and the Regulation of Business','1305509552','9781285990798','14th','Richard A. Mann, Barry S. Roberts'),
	(8,'Introduction to Public Policy','039314982X','9780393149821',NULL,'Charles Wheelan'),
	(9,'Strategies and Games','0262041693','9780262041690',NULL,'Prajit K. Dutta, Prajit K.. Dutta'),
	(10,'Introductory Econometrics: A Modern Approach','130527010X','9781305270107','6th','Jeffrey M. Wooldridge'),
	(11,'Essentials of Economics','1285165950','9781285165950','7th','N. Gregory Mankiw'),
	(12,'Intermediate Accounting','0134730372','9780134730370','2nd','Elizabeth A. Gordon, Alexander J. Sannella'),
	(13,'Statistics for Management and Economics + XLSTAT Bind-in','1337093459','9781337093453','11th','Gerald Keller'),
	(14,'Investments','1259277178','9781259277177','11th','Alan J. Marcus, Professor, Zvi Bodie, Professor, Alex Kane'),
	(15,'The Undercover Economist','0345494016','9780345494016',NULL,'Tim Harford'),
	(16,'Naked Economics: Undressing the Dismal Science (Fully Revised and Updated)','0393337642','9780393337648',NULL,'Charles Wheelan'),
	(17,'The Armchair Economist','1451651732','9781451651737',NULL,'Steven E. Landsburg'),
	(18,'Principles of Economics','1305585127','9781305585126','8th','N. Gregory Mankiw'),
	(19,'Macroeconomics','1464182892','9781464182891','9th','N. Gregory Mankiw'),
	(20,'CM ECON 151','1049175131','9781308715766','10th',''),
	(21,'Loose Leaf for Principles of Taxation for Business and Investment Planning 2019 Edition','1260161471','9781260161472','22nd','Sally Jones, Shelley C. Rhoades-Catanach, Sandra R Callaghan'),
	(22,'Loose Leaf for Principles of Taxation for Business and Investment Planning 2019 Edition','1260161471','9781259917097','22nd','Sally Jones, Shelley C. Rhoades-Catanach, Sandra R Callaghan'),
	(23,'Strategic Management of Technological Innovation',NULL,'9781259539060','5th',NULL),
	(24,'Economics','0321391586','9780321391582',NULL,'Daron Acemoglu, David I. Laibson, John A. List'),
	(25,'Environmental Economics','0199732647','9780199732647','2nd','Charles D. Kolstad'),
	(26,'Auditing: A Risk Based-Approach','1337619450','9781337619455','11th','Karla M Johnstone, Audrey A. Gramling, Larry E. Rittenberg'),
	(27,'Contemporary Auditing','1305970810','9781305970816','11th','Michael C. Knapp'),
	(28,'Financial Statement Analysis and Valuation','1618531042','9781618531049','4th','Peter Douglas Easton, Mary Lea McAnally, Gregory A. Sommers, Xiao-Jun Zhang'),
	(29,'Governance of Natural Resources','N/A','9789280812282',NULL,'Jin Satō'),
	(30,'Natural Resource Economics','1478627808','9781478627807','3rd','Barry C. Field'),
	(31,'Modern Labor Economics','1138218154','9781138218154','13th','Ronald G. Ehrenberg, Robert Stewart Smith'),
	(32,'Fledgling','0446696161','9780446696166',NULL,'Octavia E. Butler'),
	(33,'Sense and Sensibility','0141439661','9780141439662',NULL,'Jane Austen'),
	(34,'Narrative of the Life of Frederick Douglass, an American Slave','0143107305','9780143107309',NULL,'Frederick Douglass'),
	(35,'Aristotle\'s Nicomachean Ethics','0226026752','9780226026756',NULL,'Aristotle, Robert C. Bartlett, Susan D. Collins'),
	(36,'Aristotle\'s Nicomachean Ethics','0226026752','9780671722586',NULL,'Aristotle, Robert C. Bartlett, Susan D. Collins'),
	(37,'Julius Caesar','0743482743','9780743482745',NULL,'William Shakespeare'),
	(38,'Agricola, Germany, and Dialogue on Orators','0872208117','9780872208117',NULL,'Cornelius Tacitus, Herbert W. Benario'),
	(39,'Discourse on Method','N/A','9781585102594',NULL,'René Descartes'),
	(40,'The Iliad of Homer (伊里亞德)','N/A','9780226470498',NULL,'Homer'),
	(41,'Henry V','1439117012','9780743484879',NULL,'William Shakespeare'),
	(42,'Richard II','1451644574','9780743484916',NULL,'William Shakespeare, Paul Werstine'),
	(43,'Henry IV','0743485041','9780743485043',NULL,'William Shakespeare'),
	(44,'Henry IV','0743485041','9780743485050',NULL,'William Shakespeare'),
	(45,'Four Texts on Socrates','0801485746','9780801485749',NULL,'Plato, Thomas G. West, Grace Starry West'),
	(46,'A Letter Concerning Toleration','0879755989','9780879755980',NULL,'John Locke'),
	(47,'Descartes: Meditations on First Philosophy','0521558182','9780521558181',NULL,'René Descartes, John Cottingham, Bernard Williams'),
	(48,'Republic (Grube Edition)','0872201368','9780872201361','2nd','Plato, G. M. A. Grube'),
	(49,'Republic (Grube Edition)','0872201368','9781420926996',NULL,'Plato, G. M. A. Grube'),
	(50,'The Conference of the Birds','0140444343','9780140444346',NULL,'Farid Attar'),
	(51,'The Complete Persepolis','0375714839','9780375714832',NULL,'Marjane Satrapi'),
	(52,'The Looming Tower','1400030846','9781400030842',NULL,'Lawrence Wright'),
	(53,'Approaching the Qur\'an','1883991692','9781883991692','2nd','Michael Anthony Sells'),
	(54,'Thomas Jefferson\'s Qur\'an','0307388395','9780307388391',NULL,'Denise A. Spellberg'),
	(55,'I Am the Beggar of the World',NULL,'9780374535186',NULL,NULL),
	(56,'Othello','039326422X','9780393264227','2nd','William Shakespeare'),
	(57,'Fanaticism, Or Mahomet the Prophet','1936117819','9781936117819',NULL,'Voltaire'),
	(58,'Muhammad','0192876058','9780192876058',NULL,'M. A. Cook'),
	(59,'Readings in Christian Thought','0687355478','9780687355471','2nd','Hugh Thomson Kerr'),
	(60,'Introducing Liberation Theology','0883445506','9780883445501',NULL,'Leonardo Boff'),
	(61,'The Major Religions','140511049X','9781405110495','2nd','T. Patrick Burke'),
	(62,'Martin & Malcolm & America','1570759790','9781570759796',NULL,'James H. Cone'),
	(63,'The Iliad','0140275363','9780140275360',NULL,'Homer'),
	(64,'Egil\'s Saga : Penguin Classics','0140447709','9780140447705',NULL,'Snorri Sturluson, Bernard Scudder, Svanhildur Oskarsdottir'),
	(65,'The Aeneid','0143105132','9780143105138',NULL,'Virgil, Robert Fagles, Bernard Knox'),
	(66,'Beowulf','0393975800','9780393975802',NULL,'Daniel Donoghue, Seamus Heaney'),
	(67,'Silmarillion',NULL,'9780544338012',NULL,NULL),
	(68,'The Life of Apollonius of Tyana','144956268X','9781449562687',NULL,'Flavius Philostratus'),
	(69,'En bonne forme','0470424214','9780470424216','8th','Simone Renaud, Dominique van Hooff'),
	(70,'En bonne forme, Student Activities Manual (SAM)','0470428694','9780470428696','8th','Simone Renaud'),
	(71,'L\'exil et le Royaume (Folio #78)',NULL,'9782070360789',NULL,NULL),
	(72,'Le Mur (Folio #878)',NULL,'9782070368785',NULL,NULL),
	(73,'Boule de Suif suivie de','226617102X','9782266171021',NULL,'Guy de Maupassant'),
	(74,'Nouvelles d\'Haïti','235074227X','9782350742274',NULL,'Kettly Mars'),
	(75,'Deux mondes (Student Edition)','0073386456','9780073386454','7th','Guy Spielmann, Betsy Kerr, Tracy Terrell, Mary Rogers'),
	(76,'Deux Mondes (Cahier d\'exer)',NULL,'9780077412708','7th',NULL),
	(77,'La Preface du Negre',NULL,'9782330039462',NULL,NULL),
	(78,'Entendez-vous dans les montagnes...','2815913062','9782815913065',NULL,'Maïssa Bey'),
	(79,'Les Tribulations du dernier Sijilmassi',NULL,'9782266258685',NULL,NULL),
	(80,'The Art of the Short Story','0321363639','9780321363633',NULL,'Dana Gioia, R. S. Gwynn'),
	(81,'Several Short Sentences about Writing','0307279413','9780307279415',NULL,'Verlyn Klinkenborg'),
	(82,'Cutty, One Rock','0374530181','9780374530181',NULL,'August Kleinzahler'),
	(83,'Somebody with a Little Hammer','0307378225','9780307378224',NULL,'Mary Gaitskill'),
	(84,'Frankenstein','0393927938','9780393927931','2nd','Mary Wollstonecraft Shelley'),
	(85,'Grendel','0679723110','9780679723110',NULL,'John Gardner'),
	(86,'Macbeth','0743477103','9780743477109',NULL,'William Shakespeare'),
	(87,'The Iliad','0140445927','9780140445923',NULL,'Homer'),
	(88,'Greek Tragedies (V1)',NULL,'9780226035284','3rd',NULL),
	(89,'Things Fall Apart','0385474547','9780385474542',NULL,'Chinua Achebe'),
	(90,'Beowulf (Bilingual Edition)','0393320979','9780393320978',NULL,'Seamus Heaney'),
	(91,'Père Goriot','039397166X','9780393971668',NULL,'Honoré de Balzac'),
	(92,'A Midsummer Night\'s Dream','0743477545','9780743477543',NULL,'William Shakespeare'),
	(93,'Zeitoun','0307387941','9780307387943',NULL,'Dave Eggers'),
	(94,'Between the World and Me','0812993543','9780812993547',NULL,'Ta-Nehisi Coates'),
	(95,'Southland','1888451416','9781888451412',NULL,'Nina Revoyr'),
	(96,'Sea of Poppies',NULL,'9780312428594',NULL,NULL),
	(97,'Introduction to Comparative Politics: Political Challenges and Changing Agendas','1337560448','9781337560443','8th','Mark Kesselman, Joel Krieger, William A. Joseph'),
	(98,'The Warrior State','0190231440','9780190231446',NULL,'T. V. Paul, Thazha Varkey Paul'),
	(99,'Active Liberty','0307274942','9780307274946',NULL,'Stephen Breyer'),
	(100,'A Matter of Interpretation','0691004005','9780691004006',NULL,'Antonin Scalia, Amy Gutmann'),
	(101,'Justices, Presidents, and Senators','0742558959','9780742558953','5th','Henry Julian Abraham'),
	(102,'Judicial Process and Judicial Policymaking','1435462394','9781435462397','6th','G. Alan Tarr'),
	(103,'America\'s Constitution','0812972724','9780812972726',NULL,'Akhil Reed Amar'),
	(104,'American Constitutional Law, Volume I','0813349966','9780813349961','10th','Ralph A. Rossum, G. Alan Tarr'),
	(105,'The Fundamentals of Political Science Research','1107621666','9781107621664','2nd','Paul Kellstedt, Guy Whitten'),
	(106,'Government Against Itself','0199990743','9780199990740',NULL,'Daniel DiSalvo'),
	(107,'The Business of America Is Lobbying','0190677430','9780190677435',NULL,'Lee Drutman'),
	(108,'The Interest Group Society','1138691747','9781138691742','6th','Jeffrey M. Berry, Clyde Wilcox'),
	(109,'Coming Apart','030745343X','9780307453433',NULL,'Charles Murray'),
	(110,'Rules for Radicals','0679721134','9780679721130',NULL,'Saul David Alinsky'),
	(111,'The Constitution','0844772585','9780844772585',NULL,'Michael S. Greve'),
	(112,'Our Declaration','1631490443','9781631490446',NULL,'Danielle Allen'),
	(113,'The Prince','N/A','9780226500447','2nd','Niccolò Machiavelli'),
	(114,'Aristotle\'s \"Politics\"','0226921840','9780226921846','2nd','Aristotle'),
	(115,'Rousseau: \'The Discourses\' and Other Early Political Writings','0521424453','9780521424455',NULL,'Jean-Jacques Rousseau, Victor Gourevitch'),
	(116,'Beyond Good and Evil','0679724656','9780679724650',NULL,'Friedrich Wilhelm Nietzsche'),
	(117,'Treatise on Law','0872205487','9780872205482',NULL,'St. Thomas Aquinas, Richard J. Regan'),
	(118,'Second Treatise of Government','0915144867','9780915144860',NULL,'John Locke, C. B. Macpherson'),
	(119,'The Republic of Plato','0465094082','9780465094080','3rd',''),
	(120,'Democracy in America (Perennial Classics Ed)',NULL,'9780061127922',NULL,NULL),
	(121,'Freedom in America','1608718441','9781608718443',NULL,'William Ker Muir'),
	(122,'Making Your Case','0314184716','9780314184719',NULL,'Antonin Scalia, Bryan A. Garner'),
	(123,'Associated Press Stylebook 2016',NULL,'9780917360633',NULL,NULL),
	(124,'Little Bunch of Madmen','0982590822','9780982590829',NULL,'Mort Rosenblum'),
	(125,'Journalistic Writing','1933338385','9781933338385','3rd','Robert M. Knight'),
	(126,'Principles of International Law','0314262687','9780314262684','2nd','Sean D. Murphy'),
	(127,'International Law: Norms, Actors, Process: A Problem-Oriented Approach','1454849517','9781454849513','4th','Jeffrey L. Dunoff, Steven R. Ratner, David Wippman'),
	(128,'Human Rights','1599412616','9781599412610','2nd','Louis Henkin, Sarah H. Cleveland, Laurence R. Helfer, Gerald L. Neuman, Diane F. Orentlicher'),
	(129,'World Politics','0393938093','9780393938098','3rd','Jeffry A. Frieden, David A. Lake, Kenneth A. Schultz'),
	(130,'Contemporary Cases in U.S. Foreign Policy','1452241546','9781452241548','5th','Ralph G. Carter'),
	(131,'What the Anti-Federalists Were For','0226775747','9780226775746',NULL,'Herbert J. Storing'),
	(132,'American Political History','0199340056','9780199340057',NULL,'Donald T. Critchlow'),
	(133,'Founding the American Presidency','0847694992','9780847694990',NULL,'Richard J. Ellis'),
	(134,'The American Presidency','1483318699','9781483318691','7th','Sidney M. Milkis'),
	(135,'The Politics of the Presidency','1483375633','9781483375632','9th',''),
	(136,'Defying the Odds',NULL,'9781442273474',NULL,NULL),
	(137,'Debating the Presidency; Conflicting Perspectives on the American Executive','1506344488','9781506344485','4th','Richard J. Ellis, Michael Nelson'),
	(138,'Evolving Presidency',NULL,'9781544323169','6th',NULL),
	(139,'Trump Presidency',NULL,'9781538105740',NULL,NULL),
	(140,'Thirteen Days','0393318346','9780393318340',NULL,'Robert F. Kennedy'),
	(141,'Great Speeches','0486268721','9780486268729',NULL,'Abraham Lincoln'),
	(142,'Narrative of the Life of Frederick Douglass','0486284999','9780486284996',NULL,'Frederick Douglass'),
	(143,'American Government and Politics: Deliberation, Democracy and Citizenship','1133587895','9781133587897','2nd','Joseph M. Bessette, John J. Pitney'),
	(144,'American Political Rhetoric',NULL,'9781442232198','7th',NULL),
	(145,'Debating the Death Penalty','0195179803','9780195179804',NULL,'Hugo Adam Bedau, Paul G. Cassell'),
	(146,'Locked In','0465096913','9780465096916',NULL,'John Pfaff'),
	(147,'Black Silent Majority','0674743997','9780674743991',NULL,'Michael Javen Fortner'),
	(148,'The New Jim Crow','1595586431','9781595586438',NULL,'Michelle Alexander'),
	(149,'Armageddon Averted','0195368630','9780195368635',NULL,'Stephen Kotkin'),
	(150,'Sex, Politics, and Putin','0199324352','9780199324354',NULL,'Valerie Sperling'),
	(151,'Short History of Reconstruction',NULL,'9780062370860',NULL,NULL),
	(152,'The Classic Slave Narratives','0451532139','9780451532138',NULL,'Henry Louis Gates'),
	(153,'Race and Reunion','0674008197','9780674008199',NULL,'David W. BLIGHT'),
	(154,'Contagious Divides','0520226291','9780520226296',NULL,'Nayan Shah'),
	(155,'A Midwife\'s Tale','0679733760','9780679733768',NULL,'Laurel Ulrich'),
	(156,'Eugenic Nation','0520285069','9780520285064','2nd','Alexandra Minna Stern'),
	(157,'End of a Global Pox',NULL,'9781469642321',NULL,NULL),
	(158,'Talons of the Eagle','0199856958','9780199856954','4th','Peter H. Smith'),
	(159,'Chasing Aphrodite',NULL,'9780151015016',NULL,NULL),
	(160,'Who Owns Antiquity?','0691148104','9780691148106',NULL,'James Cuno'),
	(161,'Rogues\' Gallery','0767924894','9780767924894',NULL,'Michael Gross'),
	(162,'The Lady in Gold','1101873124','9781101873120',NULL,'Anne Marie O\'Connor'),
	(163,'The Duel','0300089163','9780300089165',NULL,'John Lukacs'),
	(164,'Inferno','0307475530','9780307475534',NULL,'Max Hastings'),
	(165,'Harvest of Empire','0143119281','9780143119289',NULL,'Juan González'),
	(166,'Walls and Mirrors','0520202198','9780520202191',NULL,'David G. Gutiérrez'),
	(167,'Memoirs from the House of the Dead',NULL,'9780199540518',NULL,NULL),
	(168,'The Brothers Karamazov','0374528373','9780374528379',NULL,'Fyodor Dostoevsky'),
	(169,'The Double and the Gambler','0375719016','9780375719011',NULL,'Fyodor Mikhailovich Dostoevsky, Fyodor Dostoyevsky'),
	(170,'Crime and Punishment','0679734503','9780679734505',NULL,'Fyodor M. Dostoevsky'),
	(171,'Notes from Underground','067973452X','9780679734529',NULL,'Fedor Mikhaĭlovich Dostoevskiĭ, Fyodor Dostoyevsky'),
	(172,'Dostoevsky','0691155992','9780691155999',NULL,'Joseph Frank'),
	(173,'Behind Closed Doors','0300168969','9780300168969',NULL,'Amanda Vickery'),
	(174,'What Matters in Jane Austen?',NULL,'9781620400425',NULL,NULL),
	(175,'The Golden Ass','0140435905','9780140435900',NULL,'Apuleius, E. J. Kenney'),
	(176,'The Letters of the Younger Pliny','0140441271','9780140441277',NULL,'Gaius Plinius Caecilius Secundus, Plinio (El joven.), Cayo Plinio Cecilio Segundo, The Younger Pliny, Pline le Jeune, Pliny the Younger Staff'),
	(177,'The Erotic Poems','0140443606','9780140443608',NULL,'Ovid, Peter Green'),
	(178,'The Satyricon','0199539219','9780199539215',NULL,'Petronius,'),
	(179,'Integrated Korean','0824836502','9780824836504','2nd','Young-mee Cho'),
	(180,'Integrated Korean Workbook','0824836510','9780824836511','2nd','Mee-Jeong Park, Sang-Suk Oh, Joowon Suh, Mary Shin Kim'),
	(181,'Integrated Korean: Beginning 1','0824834402','9780824834401','2nd','Young-mee Cho, Hyo Sang Lee, Carol Schulz'),
	(182,'Integrated Korean Workbook','082483450X','9780824834500','2nd','Mee-Jeong Park, Sung-Ock S. Sohn, Joowon Suh, Mary Shin Kim'),
	(183,'Leadership','1483317536','9781483317533','7th','Peter G. Northouse'),
	(184,'A Hero of Our Time','0140447954','9780140447958',NULL,'Mikhail Lermontov, Paul Foote'),
	(185,'The Complete Prose Tales of Alexandr Sergeyevitch Pushkin','0393004651','9780393004656',NULL,'Aleksandr Sergeevich Pushkin, Gillon R. Aitken'),
	(186,'Fathers and Children','0393927970','9780393927979','2nd','Ivan Sergeevich Turgenev'),
	(187,'Crime and Punishment','0393956237','9780393956238','3rd','Fyodor Dostoyevsky, Fedor M. Dostoevskij'),
	(188,'Anna Karenina','0393966429','9780393966428','2nd','graf Leo Tolstoy, Aylmer Maude'),
	(189,'Eugene Onegin','N/A','9780875011066',NULL,'Aleksandr Sergeevich Pushkin'),
	(190,'The six-gun mystique sequel','N/A','9780879727864',NULL,'John G. Cawelti'),
	(191,'Dickinson','0674066383','9780674066380',NULL,'Helen Vendler, Emily Dickinson'),
	(192,'Vita Nuova',NULL,'9780199540655',NULL,NULL),
	(193,'The Inferno','0385496982','9780385496988',NULL,'Dante Alighieri'),
	(194,'Purgatorio','0385497008','9780385497008',NULL,'Dante Alighieri'),
	(195,'Dante\'s Paradise','140003115X','9781400031153',NULL,'Dante Alighieri'),
	(196,'The Oxford History of World Cinema','0198742428','9780198742425',NULL,'Geoffrey Nowell-Smith'),
	(197,'The Hollywood Economist','1612190502','9781612190501',NULL,'Edward Jay Epstein'),
	(198,'The Merchant of Venice','0743477561','9780743477567',NULL,'William Shakespeare'),
	(199,'All\'s Well That Ends Well',NULL,'9780743484978',NULL,NULL),
	(200,'The Bedford Companion to Shakespeare','0312248806','9780312248802','2nd','Russ McDonald'),
	(201,'The Waste Land','0393974995','9780393974997',NULL,'Thomas Stearns Eliot, Michael North'),
	(202,'Norton Anthology of M&C Poetry (V1:Modern)',NULL,'9780393977912','3rd',NULL),
	(203,'The Sound and the Fury','0679732241','9780679732242',NULL,'William Faulkner'),
	(204,'Invisible Man','0679732764','9780679732761',NULL,'Ralph Ellison'),
	(205,'Nightwood','0811216713','9780811216715',NULL,'Djuna Barnes'),
	(206,'Calculus With Analytic Geometry','0070576424','9780070576421','2nd','George Simmons'),
	(207,'Linear Algebra','0387940995','9780387940991',NULL,'Robert J. Valenza'),
	(208,'Linear Algebra','0387909923','9780387909929',NULL,'Charles Curtis'),
	(209,'Short Calculus','0387953272','9780387953274',NULL,'Serge Lang'),
	(210,'Essential Calculus','1133112293','9781133112297','2nd','James Stewart'),
	(211,'Elementary Differential Equations and Boundary Value Problems, 10th Edition','0470458313','9780470458310','10th','William E. Boyce, Richard C. DiPrima'),
	(212,'Essential Calculus: Early Transcendentals','1133112285','9781133112280','2nd','James Stewart'),
	(213,'Calculus: Early Transcendentals','0538497904','9780538497909','7th','James Stewart'),
	(214,'Justice','0195335120','9780195335125',NULL,'Michael J. Sandel'),
	(215,'Why We Argue (and How We Should)',NULL,'9780415859059',NULL,NULL),
	(216,'Epistemic Injustice','0199570523','9780199570522',NULL,'Miranda Fricker'),
	(217,'The Epistemology of Resistance','0199929041','9780199929047',NULL,'José Medina'),
	(218,'Persons and Personal Identiy','0745654320','9780745654324',NULL,'Amy Kind'),
	(219,'The Constitution of Selves','0801474175','9780801474170',NULL,'Marya Schechtman'),
	(220,'A Concise History of Brazil','1107635241','9781107635241',NULL,'Boris Fausto'),
	(221,'Ponto de Encontro','0205782760','9780205782765','2nd','Anna Klobucka, Clemence De Jouat-Pastre, Patr?cia Isabel Sobral, Maria Luci De Biaji Moreira'),
	(222,'Bom Dia, Brasil','0300116314','9780300116311','3rd','Rejane de Oliveira Slade, Marta Almeida, Elizabeth Jackson'),
	(223,'Evicted','0553447459','9780553447453',NULL,'Matthew Desmond'),
	(224,'Liberalism Against Populism','0881333670','9780881333671',NULL,'William H. Riker'),
	(225,'Law\'s Order','0691090092','9780691090092',NULL,'David D. Friedman'),
	(226,'The Myth of the Rational Voter','0691138737','9780691138732',NULL,'Bryan Caplan'),
	(227,'Becoming Ms. Burton','1620972123','9781620972120',NULL,'Susan Burton, Cari Lynn'),
	(228,'Cognitive Psychology In and Out of the Laboratory','1452230323','9781452230320','5th','Kathleen M. Galotti'),
	(229,'Abnormal Psychology','0205970745','9780205970742','8th','Thomas F. Oltmanns, Robert E. Emery'),
	(230,'Forensic Legal Psychology',NULL,'9781319060312','3rd',NULL),
	(231,'Psychology','1464140812','9781464140815','11th','David G. Myers, C. Nathan DeWall'),
	(232,'Developmental Psychology: Childhood and Adolescence','1111834520','9781111834524','9th','David R. Shaffer, Katherine Kipp'),
	(233,'Sensation & Perception','160535211X','9781605352114','4th','Jeremy M. Wolfe, Keith R. Kluender, Dennis M. Levi'),
	(234,'Working','1565843428','9781565843424',NULL,'Studs Terkel'),
	(235,'An Everyone Culture','1625278624','9781625278623',NULL,'Robert Kegan, Lisa Laskow Lahey'),
	(236,'Using and Interpreting Statistics','1464107793','9781464107795','3rd','Eric W. Corty'),
	(237,'Made to Stick','009950569X','9780099505693',NULL,'Chip Heath, Dan Heath'),
	(238,'Leadership (CP) CM PSYC 140 FA18',NULL,NULL,NULL,NULL),
	(239,'Psychology with Updates on DSM-5','1464164746','9781464164743','10th','David G. Myers'),
	(240,'Mahatma Jotiba Phulley','0100005225','9780100005228',NULL,'Dharampal Singal (dr.)'),
	(241,'THE SCIENCE AND FICTION OF AUTISM','0674025695','9780674025691',NULL,'Laura Ellen Schreibman'),
	(242,'LooseLeaf for Understanding Psychology','1259737365','9781259737367','13th','Robert S Feldman'),
	(243,'Introduction to Industrial/Organizational Psychology','1138655325','9781138655324','7th','Ronald E. Riggio'),
	(244,'Social Psychology','1305580222','9781305580220','10th','Saul Kassin, Steven Fein, Hazel Rose Markus'),
	(245,'Theories of Personality','1111830665','9781111830663','10th','Richard M. Ryckman'),
	(246,'Fazlallah Astarabadi and the Hurufis','N/A','9781851683857',NULL,'Shahzad Bashir'),
	(247,'Ibn Arabi','1851685111','9781851685110',NULL,'William C. Chittick'),
	(248,'The Bhagavad-gita','0553213652','9780553213652',NULL,''),
	(249,'The Zionist Idea','X030145130','9780827606227',NULL,'Arthur Hertzberg'),
	(250,'Israel in the Middle East','0874519624','9780874519624','2nd','Itamar Rabinovich, Îtāmār Rabînôvîṣ, Jehuda Reinharz'),
	(251,'Israel','1611686180','9781611686180',NULL,'Anita Shapira'),
	(252,'Politics in Israel','0199335060','9780199335060',NULL,'Brent E. Sasley, Harold M. Waller'),
	(253,'An Introduction to Jewish-Christian Relations','0521705622','9780521705622',NULL,'Edward Kessler'),
	(254,'Standing Again at Sinai','0060666846','9780060666842',NULL,'Judith Plaskow'),
	(255,'Women and Jewish Law','0805210490','9780805210491',NULL,'Rachel Biale'),
	(256,'Jewish Women in Historical Perspective','0814327133','9780814327135','2nd','Judith Reesa Baskin'),
	(257,'On Women & Judaism','082760226X','9780827602267',NULL,'Blu Greenberg'),
	(258,'The Tools of Screenwriting','0312119089','9780312119089',NULL,'David Howard, Edward Mabley'),
	(259,'Routledge Companion to Religion & Film',NULL,'9780415601870',NULL,NULL),
	(260,'Film Theory','063120654X','9780631206545',NULL,'Robert Stam'),
	(261,'Screening The Sacred','0813388309','9780813388304',NULL,'Joel Martin'),
	(262,'Film as Religion','0814751814','9780814751817',NULL,'John Lyden'),
	(263,'The Writer\'s Journey','193290736X','9781932907360','3rd','Christopher Vogler'),
	(264,'Sab','071905706X','9780719057069',NULL,'Gertrudis Gómez de Avellaneda'),
	(265,'Antologia de Sor Juana Ines de la Cruz',NULL,'9781493671212',NULL,NULL),
	(266,'Mosaicos (w/MySpanish Lab & Duolingo Access Cards)',NULL,'9780134851518','6th',NULL),
	(267,'Mosaicos (w/out MySpanishLab Access)',NULL,'9780205255405','6th',NULL),
	(268,'Mosaicos (MySpanishLab Access)(w/Duolingo)',NULL,'9780135172070',NULL,NULL),
	(269,'Miradas','0131944126','9780131944121',NULL,'Claudia M. Mejía T., Conchita Lagunas Davis'),
	(270,'Repase y escriba','1118509315','9781118509319','7th','Maria Canteli Dominicis'),
	(271,'Fuentes: Conversacion y gramática','1285455479','9781285455471','5th','Debbie Rusch, Marcela Dominguez, Lucia Caycedo Garner'),
	(272,'Fuentes + Ilrn Heinle Learning Center','130512684X','9781305126848','5th',''),
	(273,'Fuentes: Conversacion etc (Act Manual)',NULL,'9781285733500','5th',NULL),
	(274,'The Souls of Black Folk','0486280411','9780486280417',NULL,'William Edward Burghardt Du Bois'),
	(275,'Black Skin, White Masks','0802143008','9780802143006',NULL,'Frantz Fanon'),
	(276,'Lose Your Mother','0374531153','9780374531157',NULL,'Saidiya Hartman'),
	(277,'Scenes of Subjection','0195089847','9780195089844',NULL,'Saidiya V. Hartman'),
	(278,'David Walker\'s Appeal','0809015811','9780809015818',NULL,'David Walker'),
	(279,'Red, White & Black','0822347016','9780822347019',NULL,'Frank B. Wilderson'),
	(280,'The African Diaspora and the Disciplines','0253221919','9780253221919',NULL,'Tejumola Olaniyan, James Hoke Sweet'),
	(281,'Arabic for Life','0300233833','9780300233834',NULL,'Bassam K. Frangieh'),
	(282,'لغة وسائل الإعلام العربية','9774166523','9789774166525',NULL,'Alaa Elgibali, Nevenka Korica'),
	(283,'Discrete Mathematics','0198507178','9780198507178','2nd','Norman Biggs'),
	(284,'Economics is Everywhere','1464185395','9781464185397','5th','Daniel S. Hamermesh'),
	(285,'Essentials of Economics','1337091995','9781337091992','8th','N. Gregory Mankiw'),
	(286,'Practical Guide for Policy Analysis','1483359468','9781483359465','5th','Eugene Bardach, Eric M. Patashnik'),
	(287,'Intermediate Microeconomics and Its Application','1133189024','9781133189022','12th','Walter Nicholson, Christopher M. Snyder'),
	(288,'Intermediate Microeconomics: A Modern Approach (Ninth Edition)','0393123960','9780393123968','9th','Hal R. Varian'),
	(289,'Money, Banking, and the Financial System','0134524063','9780134524061','3rd','R. Glenn Hubbard, Anthony Patrick O\'Brien'),
	(290,'Options, Futures, and Other Derivatives','013447208X','9780134472089','10th','John C. Hull'),
	(291,'International Accounting','0077862201','9780077862206','4th','Hector Perera, Timothy Doupnik'),
	(292,'Business Analysis Valuation: Using Financial Statements','1111972303','9781111972301','5th','Paul Healy, Krishna Palepu'),
	(293,'Ethical Obligations and Decision-Making in Accounting: Text and Cases','1259543471','9781259543470','4th','Steven Mintz, Roselyn Morris'),
	(294,'R for Data Science','1491910399','9781491910399',NULL,'Garrett Grolemund, Hadley Wickham'),
	(295,'An Introduction to Statistical Learning','1461471370','9781461471370',NULL,'Gareth James, Daniela Witten, Trevor Hastie, Robert Tibshirani'),
	(296,'Development Economics','N/A','9780691017068',NULL,'Debraj Ray'),
	(297,'Development As Freedom','0385720270','9780385720274',NULL,'Amartya Sen'),
	(298,'Economic Development','0133406784','9780133406788','12th','Michael P. Todaro, Stephen C. Smith'),
	(299,'Doing Economics','N/A','9780618379835',NULL,'Steven A. Greenlaw'),
	(300,'Public Finance and Public Policy','1464143331','9781464143335','5th','Jonathan Gruber'),
	(301,'Corporate Finance','1259918947','9781259918940','12th','Stephen A. Ross'),
	(302,'The Five Books of Moses: A Translation with Commentary','0393333930','9780393333930',NULL,'Robert Alter'),
	(303,'Leviathan','0872201775','9780872201774',NULL,'Thomas Hobbes, Edwin M. Curley'),
	(304,'A Letter Concerning Toleration','091514560X','9780915145607',NULL,'John Locke, James Tully'),
	(305,'Sophocles I','0226311511','9780226311517','3rd','Sophocles'),
	(306,'Great Souls','0739104381','9780739104385',NULL,'David Aikman'),
	(307,'Civilization and Its Discontents','N/A','9780393304510',NULL,'Sigmund Freud, Peter (AFT) Gay, Christopher Hitchens'),
	(308,'The Mahabharata','0226568229','9780226568225',NULL,'R. K. Narayan'),
	(309,'The God of Small Things','0812979656','9780812979657',NULL,'Arundhati Roy'),
	(310,'Sakuntala','0231156553','9780231156554',NULL,'Romila Thapar'),
	(311,'Courage','0268020396','9780268020392',NULL,'Richard Avramenko'),
	(312,'An Enemy of the People','0486406571','9780486406572',NULL,'Henrik Ibsen'),
	(313,'The Death of Ivan Ilyich and Other Stories','0307388867','9780307388865',NULL,'Leo Tolstoy'),
	(314,'The Analects','N/A','9780199540617',NULL,'Confucius,'),
	(315,'The Grand Inquisitor','0872201937','9780872201934',NULL,'Fyodor Dostoyevsky, Charles B. Guignon'),
	(316,'Civilization and Its Discontents','1578988594','9781578988594',NULL,'Sigmund Freud'),
	(317,'The Odyssey','0374525749','9780374525743',NULL,'Homer, Robert Fitzgerald'),
	(318,'King Lear','0451526937','9780451526939',NULL,'William Shakespeare, Russell A. Fraser'),
	(319,'Dao de Jing','0872202321','9780872202320',NULL,'Laozi, Burton Watson, Stephen Addiss, Stanley Lombardo'),
	(320,'Une si longue lettre','2842612892','9782842612894',NULL,'Mariama Bâ'),
	(321,'Le ventre de l\'Atlantique','225310907X','9782253109075',NULL,'Fatou Diome'),
	(322,'L\'aventure ambiguë','2264036931','9782264036933',NULL,'Hamidou Kane'),
	(323,'L\'enfant noir','2266178946','9782266178945',NULL,'Camara Laye'),
	(324,'La femme aux pieds nus','2070446662','9782070446667',NULL,'Scholastique Mukasonga'),
	(325,'Une vie de boy','2266169289','9782266169288',NULL,'Ferdinand Oyono'),
	(326,'Ways of seeing','N/A','9780140135152',NULL,'John Berger'),
	(327,'A Story as Sharp as a Knife','1553658396','9781553658399','2nd','Robert Bringhurst'),
	(328,'Madness, Rack, and Honey','1933517573','9781933517575',NULL,'Mary Ruefle'),
	(329,'The Man Who Mistook His Wife For A Hat: And Other Clinical Tales','0684853949','9780684853949',NULL,'Oliver Sacks'),
	(330,'The Oxford Shakespeare: Hamlet','0199535817','9780199535811',NULL,'William Shakespeare'),
	(331,'The Oedipus Cycle','015602764X','9780156027649',NULL,'Sophocles'),
	(332,'This Is Water','0316068225','9780316068222',NULL,'David Foster Wallace'),
	(333,'Selected Essays','0199556067','9780199556069',NULL,'Virginia Woolf, David Bradshaw'),
	(334,'The Common Reader','015602778X','9780156027786',NULL,'Virginia Woolf'),
	(335,'World War Z','0307346617','9780307346612',NULL,'Max Brooks'),
	(336,'Parable of the Sower','0446675504','9780446675505',NULL,'Octavia E. Butler'),
	(337,'Understanding Comics','006097625X','9780060976255',NULL,'Scott McCloud'),
	(338,'Y the Last Man 2','140125439X','9781401254391',NULL,'Brian K Vaughan, Pia Guerra'),
	(339,'Y','140125151X','9781401251512',NULL,'Vaughan'),
	(340,'Othello','0743477553','9780743477550',NULL,'William Shakespeare'),
	(341,'Romeo and Juliet','0743477111','9780743477116',NULL,'William Shakespeare'),
	(342,'Much Ado About Nothing','0743482751','9780743482752',NULL,'William Shakespeare'),
	(343,'Shakespeare\'s Sonnets','0671722875','9780671722876',NULL,'William Shakespeare, Helen Hunt, Dr. Barbara A. Mowat, Paul Werstine'),
	(344,'The Throwback Special','0393353788','9780393353785',NULL,'Chris Bachelder'),
	(345,'Among the Thugs','0679745351','9780679745358',NULL,'Bill Buford'),
	(346,'Fat City','1590178920','9781590178928',NULL,'Leonard Gardner'),
	(347,'Thrown','1936747928','9781936747924',NULL,'Kerry Howley'),
	(348,'Ghost world','1560974273','9781560974277',NULL,'Daniel Clowes'),
	(349,'King\'s Ransom','1612181716','9781612181714',NULL,'Ed McBain'),
	(350,'Film Adaptation','0813528143','9780813528144',NULL,'James Naremore'),
	(351,'Housekeeping','0312424094','9780312424091',NULL,'Marilynne Robinson'),
	(352,'Toms, Coons, Mulattoes, Mammies, and Bucks','082642953X','9780826429537','5th','Donald Bogle'),
	(353,'Last Tales: The cardinal\'s first tale ; The cloak ; Night walk ; Of hidden thoughts and of heaven ; Tales of two old gentlemen ; The cardinal\'s third tale ; The blank page ; New Gothic Tales: The cyr','0679736409','9780679736400',NULL,'Karen Blixen'),
	(354,'The Norton Anthology of Poetry','0393979210','9780393979213','5th','Margaret W. Ferguson, Mary Jo Salter, Jon Stallworthy'),
	(355,'The Norton Reader','0393264122','9780393264128','14th','Melissa Goldthwaite, Joseph Bizup, John Brereton, Linda H. Peterson, Anne Fernald'),
	(356,'God\'s Bits of Wood','0435909592','9780435909598',NULL,'Ousmane Sembène'),
	(357,'Writing with Style','0205028802','9780205028801','3rd','John R. Trimble'),
	(358,'Henry IV','014313020X','9780143130208',NULL,'William Shakespeare'),
	(359,'The Soul of the First Amendment','0300190883','9780300190885',NULL,'Floyd Abrams'),
	(360,'Shattered','0553447084','9780553447088',NULL,'Jonathan Allen, Amie Parnes'),
	(361,'Democracy in America','0226805360','9780226805368',NULL,'Alexis de Tocqueville'),
	(362,'ADMINISTRATIVE THREAT','1594039496','9781594039492',NULL,'Philip Hamburger'),
	(363,'The Federalist Papers','0451528816','9780451528810',NULL,'Alexander Hamilton, James Madison, John Jay, Clinton Rossiter'),
	(364,'Selected Speeches and Writings','X030562965','9781598530537',NULL,'Abraham Lincoln'),
	(365,'Democracy in America','N/A','9780393929867',NULL,'Alexis de Tocqueville'),
	(366,'The Once and Future Liberal','0062697439','9780062697431',NULL,'Mark Lilla'),
	(367,'Dream Hoarders','081572912X','9780815729129',NULL,'Richard V. Reeves'),
	(368,'The Case for Contention','022645634X','9780226456348',NULL,'Jonathan Zimmerman, Emily Robertson'),
	(369,'American Politics','N/A','9780618802890','7th','Cigler'),
	(370,'American Government: Institutions and Policies, Brief Version','1305956346','9781305956346','13th','James Q. Wilson, John J Dilulio, Meena Bose, Matthew S. Levendusky'),
	(371,'The Anti-Federalist','0226775658','9780226775654',NULL,'Murray Dry, Herbert J. Storing'),
	(372,'Parchment Barriers','0700627146','9780700627141',NULL,'Zachary Courser, Eric Helland, Kenneth Miller'),
	(373,'Madison\'s Managers','0801883199','9780801883194',NULL,'Anthony M. Bertelli, Laurence E. Lynn'),
	(374,'The Power Broker','0394720245','9780394720241',NULL,'Robert A. Caro'),
	(375,'The Forest Ranger','1933115270','9781933115276',NULL,'Herbert Kaufman'),
	(376,'The Fifth Risk','1324002646','9781324002642',NULL,'Michael Lewis'),
	(377,'Public Management','0415287308','9780415287302',NULL,'Laurence E. Lynn'),
	(378,'Don\'t Be Afraid, Gringo: A Honduran Woman Speaks From The Heart','006097205X','9780060972059',NULL,'Medea Benjamin'),
	(379,'The Bottom Billion','0195373383','9780195373387',NULL,'Paul Collier'),
	(380,'The Challenge of Third World Development','0205854664','9780205854660','7th','Howard Handelman'),
	(381,'Developing Cultures','0415952808','9780415952804',NULL,'Lawrence E. Harrison, Peter L. Berger'),
	(382,'A Bend in the River','0679722025','9780679722021',NULL,'Vidiadhar Surajprasad Naipaul'),
	(383,'The End of Karma','0393353605','9780393353600',NULL,'Somini Sengupta'),
	(384,'Death of a Red Heroine','1569472424','9781569472422',NULL,'Xiaolong Qiu'),
	(385,'Democracy for Realists','0691178240','9780691178240',NULL,'Christopher H. Achen, Larry M. Bartels'),
	(386,'The Righteous Mind','0307455777','9780307455772',NULL,'Jonathan Haidt'),
	(387,'Uncivil Agreement','022652454X','9780226524542',NULL,'Lilliana Mason'),
	(388,'Political Ideologies and Political Parties in America','110762052X','9781107620520',NULL,'Hans Noel'),
	(389,'Naked Statistics: Stripping the Dread from the Data','039334777X','9780393347777',NULL,'Charles Wheelan'),
	(390,'Hobbes: Leviathan','0521567971','9780521567978','2nd','Thomas Hobbes, Richard Tuck'),
	(391,'Locke: Two Treatises of Government Student Edition','0521357306','9780521357302',NULL,'John Locke, Peter Laslett'),
	(392,'The First and Second Discourses','N/A','9780312694401',NULL,'Jean-Jacques Rousseau'),
	(393,'The Politics of Aristotle','0807846376','9780807846377',NULL,'Aristotle'),
	(394,'Congress and Its Members (Sixteenth Edition)','1506369731','9781506369730','16th','Roger H. Davidson, Walter J. Oleszek, Eric Schickler, Frances E. Lee'),
	(395,'Profiles in Courage','0060854936','9780060854935',NULL,'John F. Kennedy'),
	(396,'The Art of the Political Deal','1520480164','9781520480169',NULL,'Jill Lawrence'),
	(397,'Who Really Cares','0465008232','9780465008230',NULL,'Arthur C. Brooks'),
	(398,'Marriage, a History','014303667X','9780143036678',NULL,'Stephanie Coontz'),
	(399,'Privilege','1401307558','9781401307554',NULL,'Ross Gregory Douthat'),
	(400,'Nickel and Dimed','0312626681','9780312626686',NULL,'Barbara Ehrenreich'),
	(401,'What to Expect When No One\'s Expecting','1594037310','9781594037313',NULL,'Jonathan V. Last'),
	(402,'Taking Sex Differences Seriously','159403091X','9781594030918',NULL,'Steven E. Rhoads'),
	(403,'The Unlikely Disciple','0446178438','9780446178433',NULL,'Kevin Roose'),
	(404,'Hillbilly Elegy','0062300547','9780062300546',NULL,'J. D. Vance'),
	(405,'The Case for Marriage','X004541807','9780767906326',NULL,'Linda J. Waite, Maggie Gallagher'),
	(406,'Society Without God','0814797237','9780814797235',NULL,'Phil Zuckerman'),
	(407,'The California Republic','0742532518','9780742532519',NULL,'Brian P. Janiskee, Ken Masugi'),
	(408,'The Browns of California','1632867338','9781632867339',NULL,'Miriam Pawel'),
	(409,'Governing California','0877724431','9780877724438','3rd','Rarick'),
	(410,'Democracy by Decree','030010314X','9780300103144',NULL,'Ross Sandler, David Schoenbrod'),
	(411,'The Struggle for Power in Syria','1848857608','9781848857605','4th','Nikolaos van Dam'),
	(412,'The Modern History of Iraq','0813350069','9780813350066','4th','Phebe Marr'),
	(413,'The Fall of Heaven','0573601054','9780573601057',NULL,'Walter Mosley'),
	(414,'The Shia Revival','0393353389','9780393353389','2nd','Seyyed Vali Reza Nasr, Vali Nasr'),
	(415,'The Battle for Syria','030021717X','9780300217179',NULL,'Christopher Phillips'),
	(416,'Hiroshima','0679721037','9780679721031',NULL,'John Hersey'),
	(417,'The Spread of Nuclear Weapons','0393920100','9780393920109','3rd','Scott Douglas Sagan, Kenneth Neal Waltz'),
	(418,'The Associated Press Stylebook 2018','1541672380','9781541672383',NULL,'Associated Press'),
	(419,'Abraham Lincoln','0486299597','9780486299594',NULL,'Godfrey Rathbone Benson Baron Charnwood, Lord Charnwood'),
	(420,'Roll, Jordan, Roll','0394716523','9780394716527',NULL,'Eugene D. Genovese'),
	(421,'Speeches and Writings, 1859-1865','0940450631','9780940450639',NULL,'Abraham Lincoln'),
	(422,'Speeches and Writings 1832-1858','0940450437','9780940450431',NULL,'Abraham Lincoln'),
	(423,'Battle Cry of Freedom','019516895X','9780195168952',NULL,'James M. McPherson'),
	(424,'Lincoln\'s Virtues','0375701737','9780375701733',NULL,'William Lee Miller'),
	(425,'The Philosophy of History','0486437558','9780486437552',NULL,'Georg Wilhelm Friedrich Hegel, J. Sibree'),
	(426,'The Question Concerning Technology, and Other Essays','0062290703','9780062290700',NULL,'Martin Heidegger'),
	(427,'Perpetual Peace, and Other Essays on Politics, History, and Morals','0915145472','9780915145478',NULL,'Immanuel Kant'),
	(428,'Lucretius','N/A','9780941051217',NULL,'Walter Englert'),
	(429,'On the Advantage and Disadvantage of History for Life','0915144948','9780915144945',NULL,'Friedrich Wilhelm Nietzsche, Peter Preuss'),
	(430,'On Tyranny','022603013X','9780226030135',NULL,'Leo Strauss'),
	(431,'Arguing about Law','0534543529','9780534543525','2nd','Andrew Altman'),
	(432,'The Invisible Woman: Gender, Crime, and Justice','0495809136','9780495809135','4th','Joanne Belknap'),
	(433,'The Law of Sex Discrimination','0495793221','9780495793229','4th','Beth Wolfson, Carla Palumbo, J. Ralph Lindgren, Nadine Taub'),
	(434,'Feminist Legal History','0814787207','9780814787205',NULL,'Tracy A. Thomas, Tracey Jean Boisseau'),
	(435,'The New States of Abortion Politics','080479202X','9780804792028',NULL,'Joshua Wilson'),
	(436,'Nixon Reconsidered','0465051057','9780465051052',NULL,'Joan Hoff'),
	(437,'Resilient America','0700624422','9780700624423',NULL,'Michael Nelson'),
	(438,'The Nixon Effect','159403799X','9781594037993',NULL,'Douglas E. Schoen'),
	(439,'Voices of Protest','0394716280','9780394716282',NULL,'Alan Brinkley'),
	(440,'The Politics of Rage','0807125970','9780807125977','2nd','Dan T. Carter'),
	(441,'A Godly Hero','0385720564','9780385720564',NULL,'Michael Kazin'),
	(442,'The Rhetorical Presidency','0691178178','9780691178172',NULL,'Jeffrey K. Tulis'),
	(443,'Politics in Mexico','019984397X','9780199843978','6th','Roderic Ai Camp'),
	(444,'The People Want','0520280512','9780520280519',NULL,'Gilbert Achcar'),
	(445,'Why Civil Resistance Works','0231156839','9780231156837',NULL,'Erica Chenoweth, Maria J. Stephan'),
	(446,'Islamic Exceptionalism','1250135133','9781250135131',NULL,'Shadi Hamid'),
	(447,'How to Map Arguments in Political Science','019928668X','9780199286683',NULL,'Craig Parsons'),
	(448,'Anatomy of Authoritarianism in the Arab Republics','1107618312','9781107618312',NULL,'Joseph Sassoon'),
	(449,'Exorbitant Privilege','0199931097','9780199931095',NULL,'Barry Eichengreen'),
	(450,'The Return of Depression Economics and the Crisis of 2008','0393337804','9780393337808',NULL,'Paul Krugman'),
	(451,'From Triumph to Crisis','110843505X','9781108435055',NULL,'Hilary Appel, Mitchell A. Orenstein'),
	(452,'Modern South Asia','041577943X','9780415779432','3rd','Sugata Bose, Ayesha Jalal'),
	(453,'A Passage to India','0156711427','9780156711425',NULL,'Edward Morgan Forster'),
	(454,'The Ramayana','0143039679','9780143039679',NULL,'R. K. Narayan'),
	(455,'Remembering Partition','0521002508','9780521002509',NULL,'Gyanendra Pandey'),
	(456,'Tamas','0143063685','9780143063681',NULL,'Bhisham Sahni'),
	(457,'The Empire of the Great Mughals','1861892519','9781861892515',NULL,'Annemarie Schimmel, Burzine K. Waghmar, Corinne Attwood'),
	(458,'Demolishing myths or mosques and temples?','N/A','9788188789597',NULL,'Sunil Kumar'),
	(459,'As the Romans Did','019508974X','9780195089745','2nd','Jo-Ann Shelton'),
	(460,'Baddawi','1935982400','9781935982401',NULL,'Leila Abdelrazaq'),
	(461,'Istanbul','0140244611','9780140244618',NULL,'John Freely'),
	(462,'The Ottoman Empire and Early Modern Europe','0521459087','9780521459082',NULL,'Daniel Goffman'),
	(463,'The Ottoman Empire, 1700-1922','N/A','9780521547826','2nd','Donald Quataert'),
	(464,'Khirbet Khizeh','0374535566','9780374535568',NULL,'S. Yizhar'),
	(465,'At the Mind\'s Limits','0253211735','9780253211736',NULL,'Jean Améry'),
	(466,'They Fight Like Soldiers, They Die Like Children','0802779565','9780802779564',NULL,'Roméo Dallaire'),
	(467,'The Wretched of the Earth','0802141323','9780802141323',NULL,'Frantz Fanon'),
	(468,'Inventing Human Rights: A History','0393331997','9780393331998',NULL,'Lynn Hunt'),
	(469,'The Human Rights Reader','0415951607','9780415951609','2nd','Micheline Ishay'),
	(470,'The Parliament of Man','0375703411','9780375703416',NULL,'Paul M. Kennedy'),
	(471,'Rape','1557788987','9781557788986',NULL,'John K. Roth'),
	(472,'Human Rights In Camera','0226762769','9780226762760',NULL,'Sharon Sliwinski'),
	(473,'The World of Late Antiquity','0393958035','9780393958034',NULL,'Peter Brown'),
	(474,'The History of the Franks','0140442952','9780140442953',NULL,'Gregorio (Santo, )'),
	(475,'The Later Roman Empire','0140444068','9780140444063',NULL,'Ammianus Marcellinus, Andrew Wallace-Hadrill'),
	(476,'Europe After Rome','0192892630','9780192892638',NULL,'Julia M. H. Smith'),
	(477,'Terms of Inclusion','0807871710','9780807871713',NULL,'Paulina L. Alberto'),
	(478,'The slum','N/A','9780195121872',NULL,'Aluísio Azevedo, David Rosenthal'),
	(479,'Child of the Dark','0451529103','9780451529107',NULL,'Carolina Maria de Jesus'),
	(480,'To be a Slave in Brazil, 1550-1888','0813511550','9780813511559',NULL,'Kátia M. de Queirós Mattoso'),
	(481,'Slave Rebellion in Brazil','0801852501','9780801852503',NULL,'João José Reis'),
	(482,'Dreaming Equality','0813530008','9780813530000',NULL,'Robin E. Sheriff'),
	(483,'Queer America','1595586369','9781595586360',NULL,'Vicki L. Eaklor'),
	(484,'Rites of Spring','0395937582','9780395937587',NULL,'Modris Eksteins'),
	(485,'Effi Briest','0140447660','9780140447668',NULL,'Theodor Fontane, Hugh Rorrison, Helen Chambers'),
	(486,'The Sorrows of Young Werther','014044503X','9780140445039',NULL,'Johann Wolfgang von Goethe'),
	(487,'Frederick the Great','0312272669','9780312272661',NULL,'Giles MacDonogh'),
	(488,'Royals and the Reich','0195339274','9780195339277',NULL,'Jonathan Petropoulos'),
	(489,'Bismarck, the Man and the Statesman','0394703871','9780394703879',NULL,'Alan John Percivale Taylor'),
	(490,'A History of Korea','1137573562','9781137573568','2nd','Kyung Moon Hwang'),
	(491,'Making Gender','0807046337','9780807046333',NULL,'Sherry B. Ortner'),
	(492,'Umrao Jan Ada','8122203930','9788122203936',NULL,'Mirza Mohammad Hadi Ruswa'),
	(493,'Gender and the Politics of History','0231188013','9780231188012',NULL,'Joan Wallach Scott'),
	(494,'Mai : A Novel','8186706186','9788186706183',NULL,'Gītāñjali Śrī'),
	(495,'Same-Sex Love in India','0312293240','9780312293246',NULL,'R. Vanita, S. Kidwai'),
	(496,'Charity and Sylvia','019062731X','9780190627317',NULL,'Rechel Hope Cleves'),
	(497,'Colonial Intimacies','0801483638','9780801483639',NULL,'Ann Marie Plane'),
	(498,'A History of Stepfamilies in Early America','1469618427','9781469618425',NULL,'Lisa Wilson'),
	(499,'Churchill','1101980990','9781101980996',NULL,'Andrew Roberts'),
	(500,'A Game for Swallows','157505941X','9781575059419',NULL,'Zeina Abirached'),
	(501,'The Cosmopolites','099097636X','9780990976363',NULL,'Atossa Araxia Abrahamian'),
	(502,'A History of the Modern Middle East','0804783241','9780804783248',NULL,'Betty Anderson'),
	(503,'The Idea of the Muslim World','0674050371','9780674050372',NULL,'Cemil Aydin'),
	(504,'Good Muslim, Bad Muslim','0385515375','9780385515375',NULL,'Mahmood Mamdani'),
	(505,'Frankenstein in Baghdad','0143128795','9780143128793',NULL,'Ahmed Saadawi'),
	(506,'Golden Gulag','0520242017','9780520242012',NULL,'Ruth Wilson Gilmore'),
	(507,'Getting Tough','0691174520','9780691174525',NULL,'Julilly Kohler-Hausmann'),
	(508,'Voices from Chernobyl','0312425848','9780312425845',NULL,'Svetlana Alexievich'),
	(509,'The Whisperers','0312428030','9780312428037',NULL,'Orlando Figes'),
	(510,'Journey Into the Whirlwind','0156027518','9780156027519',NULL,'Eugenia Ginzburg'),
	(511,'A Writer at War','0307275337','9780307275332',NULL,'Vasily Grossman'),
	(512,'A History of the Soviet Union from the Beginning to its Legacy','1316506231','9781316506233','3rd','Peter Kenez'),
	(513,'Blockade Diary','1468309692','9781468309690',NULL,'Elena Kockina'),
	(514,'We','081297462X','9780812974621',NULL,'Evgeniĭ Ivanovich Zami͡atin'),
	(515,'Integrated Korean Workbook','0824835166','9780824835163','2nd','Mee-Jeong Park, Sang-Suk Oh, Joowon Suh, Mary Shin Kim'),
	(516,'Integrated Korean','0824838130','9780824838133','2nd','Young-mee Cho, Hyo Sang Lee, Carol Schulz'),
	(517,'Integrated Korean Workbook: Intermediate 2','082483867X','9780824838676','2nd','Mee-Jeong Park, Sang-Suk Oh, Joowon Suh, Mary Shin Kim'),
	(518,'The Norton Anthology of English Literature: The Sixteenth century and the early Seventeenth century','0393912485','9780393912487','9th','Greenblatt'),
	(519,'The Restoration and the Eighteenth Century','0195016149','9780195016147',NULL,'Martin Price, John Hollander, Frank Kermode'),
	(520,'Titus Andronicus','0671722921','9780671722920',NULL,'William Shakespeare'),
	(521,'Hamlet','074347712X','9780743477123',NULL,'William Shakespeare'),
	(522,'Dream Visions and Other Poems','0393925889','9780393925883',NULL,'Geoffrey Chaucer'),
	(523,'The Literature of Renaissance England','0195016378','9780195016376',NULL,'John Hollander, Frank Kermode'),
	(524,'Inferno','0553213393','9780553213393',NULL,'Dante Alighieri'),
	(525,'The Odyssey','0140268863','9780140268867',NULL,'Homer'),
	(526,'The Book of Margery Kempe','0140432515','9780140432510',NULL,'Margery (Kempe), Margery Kempe, Margery Brunham Kempe, c.1373-c.1439. Kempe (Margery)'),
	(527,'A Small Place','0374527075','9780374527075',NULL,'Jamaica Kincaid'),
	(528,'The Book of Marvels and Travels','0199600600','9780199600601',NULL,'John Mandeville, Anthony Bale'),
	(529,'Utopia','039393246X','9780393932461','3rd','Thomas More, George M. Logan'),
	(530,'The Description of the World','1624664369','9781624664366',NULL,'Marco Polo'),
	(531,'The Tempest','0743482832','9780743482837',NULL,'William Shakespeare'),
	(532,'The Aeneid of Virgil','0553210416','9780553210415',NULL,'Virgil'),
	(533,'Selected Prose of T.S. Eliot','0156806541','9780156806541',NULL,'Thomas Stearns Eliot'),
	(534,'Christianity and Culture','0156177358','9780156177351',NULL,'Thomas Stearns Eliot'),
	(535,'The Poems of T. S. Eliot: Volume II','0374235147','9780374235147',NULL,'T. S. Eliot'),
	(536,'The Poems of T. S. Eliot: Volume I','0374235139','9780374235130',NULL,'T. S. Eliot'),
	(537,'Poetics I','N/A','9780872200333',NULL,'Aristotle'),
	(538,'Aristophanes\' Clouds','0941051242','9780941051248',NULL,'Aristophanes'),
	(539,'The Histories','0140449086','9780140449082',NULL,'Herodotus, Aubrey De Selincourt, John Marincola'),
	(540,'Symposium','0872200760','9780872200760',NULL,'Plato, Alexander Nehamas, Paul Woodruff'),
	(541,'The Last Days of Socrates','0140449280','9780140449280',NULL,'Plato, Hugh Tredennick'),
	(542,'The Three Theban Plays','0140444254','9780140444254',NULL,'Sophocles'),
	(543,'תולדות מלחמת פילופוניס','0140440399','9780140440393',NULL,'Thucydides, Thukydid'),
	(544,'The Bacchae of Euripides','0374522065','9780374522063',NULL,'Euripides, C. K. Williams'),
	(545,'The Magic World of Orson Welles','0252081315','9780252081316',NULL,'James Naremore'),
	(546,'Cinema and Modernity','0813538165','9780813538167',NULL,'Murray Pomerance'),
	(547,'A Tempest','1559362103','9781559362108',NULL,'Aimé Césaire, Richard Miller'),
	(548,'Silent Dancing','N/A','9781558850156',NULL,'Judith Ortiz Cofer'),
	(549,'I, Tituba, Black Witch of Salem','0813927676','9780813927671',NULL,'Maryse Condé, Richard Philcox'),
	(550,'Lucy','0374527350','9780374527358',NULL,'Jamaica Kincaid'),
	(551,'Wide Sargasso Sea','N/A','9780393960129',NULL,'Jean Rhys'),
	(552,'The Moor\'s Account','0804170622','9780804170628',NULL,'Laila Lalami'),
	(553,'North Africa, Revised Edition','0292761902','9780292761902','2nd','Phillip C. Naylor'),
	(554,'LIT 183: Advanced Fiction Writing: Spring 2019','0840151977','9780840151971',NULL,'Mary Gaitskill'),
	(555,'The Vintage Book of Contemporary World Poetry','N/A','9780679741152',NULL,'J. D. McClatchy'),
	(556,'The Selected Works of Samuel Beckett: Novels','0802145140','9780802145147',NULL,'Samuel Beckett'),
	(557,'The Anxiety of Influence','0195112210','9780195112214','2nd','Harold Bloom, Prof. Harold Bloom, Sterling Professor of the Humanities Harold Bloom'),
	(558,'Re Joyce','0393004457','9780393004458',NULL,'Anthony Burgess'),
	(559,'Beckett\'s Art of Mismaking','0674504852','9780674504851',NULL,'Leland de la Durantaye'),
	(560,'Ulysses Annotated','0520253973','9780520253971',NULL,'Don Gifford, Robert J. Seidman'),
	(561,'Dubliners','0812983017','9780812983012',NULL,'James Joyce'),
	(562,'A Portrait of the Artist as a Young Man: Text & Criticism','0140155031','9780140155037',NULL,'James Joyce'),
	(563,'Ulysses','0394743121','9780394743127',NULL,'James Joyce'),
	(564,'Finnegans Wake','0141181265','9780141181264',NULL,'James Joyce'),
	(565,'Ulysses','0801833841','9780801833847',NULL,'Hugh Kenner'),
	(566,'Can\'t Stop Won\'t Stop','0312425791','9780312425791',NULL,'Jeff Chang'),
	(567,'When Chickenheads Come Home to Roost','068486861X','9780684868615',NULL,'Joan Morgan'),
	(568,'Prophets of the Hood','0822334461','9780822334460',NULL,'Imani Perry'),
	(569,'White Noise','0143129554','9780143129554',NULL,'Don DeLillo'),
	(570,'The Virgin Suicides','0312428812','9780312428815',NULL,'Jeffrey Eugenides'),
	(571,'Light Years','0679740732','9780679740735',NULL,'James Salter'),
	(572,'Rabbit, Run','0449911659','9780449911655',NULL,'John Updike'),
	(573,'Revolutionary Road','0375708448','9780375708442',NULL,'Richard Yates'),
	(574,'Calculus Early Transcendentals Single Variable','047064768X','9780470647684','10th','Howard Anton, Irl C. Bivens, Stephen Davis'),
	(575,'Vector Calculus','1429215089','9781429215084','6th','Jerrold E. Marsden, Anthony Tromba'),
	(576,'Calculus of Several Variables','0387964053','9780387964058','3rd','Serge Lang'),
	(577,'Introduction to Complex Analysis','0198525621','9780198525622','2nd','Hilary A Priestley'),
	(578,'Partial Differential Equations','0470054565','9780470054567','2nd','Walter A. Strauss'),
	(579,'Kant: Religion within the Boundaries of Mere Reason','1316604020','9781316604021','2nd','Immanuel Kant'),
	(580,'Eichmann in Jerusalem','0143039881','9780143039884',NULL,'Hannah Arendt'),
	(581,'Nicomachean Ethics (Second Edition)','0872204642','9780872204645','2nd','Aristotle, Terence Irwin'),
	(582,'The Bhagavad Gita','1586380192','9781586380199','2nd','Eknath Easwaran'),
	(583,'Readings in Classical Chinese Philosophy (Second Edition)','0872207803','9780872207806','2nd','Philip J. Ivanhoe, Bryan W. Van Norden'),
	(584,'Kant: Religion Within the Boundaries of Mere Reason','0521599644','9780521599641',NULL,'Immanuel Kant, Allen Wood, George Di Giovanni'),
	(585,'The Sunflower','0805210601','9780805210606','2nd','Simon Wiesenthal, Harry J. Cargas, Bonny V. Fetterman'),
	(586,'Arguing about art','0415424518','9780415424516','3rd','Alex Neill'),
	(587,'Logic Primer','0262511266','9780262511261','2nd','Colin Allen, Michael Hand, Michael Robert Hand'),
	(588,'The Ethics of War and Peace','0415724813','9780415724814','2nd','Helen Frowe'),
	(589,'The Imperative of Integration','0691158118','9780691158112',NULL,'Elizabeth Anderson'),
	(590,'Confronting Injustice','019966255X','9780199662555',NULL,'David Lyons'),
	(591,'Racial Formation in the United States','0415520312','9780415520317','3rd','Michael Omi, Howard Winant'),
	(592,'Dark Ghettos','0674984072','9780674984073',NULL,'Tommie Shelby'),
	(593,'A New Aristotle Reader','0691020434','9780691020433',NULL,'J. L. Ackrill'),
	(594,'Sextus Empiricus: Outlines of Scepticism','0521778093','9780521778091',NULL,'Sextus Empiricus, Julia Annas, Jonathan Barnes'),
	(595,'The Handbook (The Encheiridion)','0915145693','9780915145690',NULL,'Epictetus, Nicholas P. White'),
	(596,'Five Dialogues','0872206335','9780872206335','2nd','Plato, George Maximilian Anthony Grube'),
	(597,'Viajando Através Do Alfabeto','1585103446','9781585103447',NULL,'Clémence Jouët-Pastré, Patricia Isabel Sobral, Moacyr Scliar'),
	(598,'Private Government','0691176515','9780691176512',NULL,'Elizabeth Anderson'),
	(599,'The Idea of Human Rights','0199604371','9780199604371',NULL,'Charles R. Beitz'),
	(600,'A theory of justice','N/A','9780674000780',NULL,'John Rawls'),
	(601,'Speech Matters','0691173613','9780691173610',NULL,'Seana Valentine Shiffrin'),
	(602,'The Theory of Moral Sentiments','N/A','9780865970120',NULL,'Adam Smith'),
	(603,'Justice, Gender, and the Family','0465037038','9780465037032',NULL,'Susan Moller Okin'),
	(604,'Rousseau: \'The Social Contract\' and Other Later Political Writings','0521424461','9780521424462',NULL,'Jean-Jacques Rousseau, Victor Gourevitch'),
	(605,'Discourse on the Origin and Foundations of Inequality among Men','0312468423','9780312468422',NULL,'Jean Jacques Rousseau, Helena Rosenblatt'),
	(606,'Why Some Things Should Not Be for Sale','019989261X','9780199892617',NULL,'Debra Satz'),
	(607,'Democracy and Dictatorship in Europe','0199373191','9780199373192',NULL,'Sheri Berman'),
	(608,'Why Liberalism Failed','0300240023','9780300240023',NULL,'Patrick J. Deneen'),
	(609,'Political Order and Political Decay','0374535620','9780374535629',NULL,'Francis Fukuyama'),
	(610,'How to Save a Constitutional Democracy','022656438X','9780226564388',NULL,'Tom Ginsburg, Aziz Z. Huq'),
	(611,'The Cost of Rights','0393320332','9780393320336',NULL,'Stephen Holmes, Cass R. Sunstein'),
	(612,'What Is Populism?','0812248988','9780812248982',NULL,'Jan-Werner Muller'),
	(613,'Making Democracy Work','0691037388','9780691037387',NULL,'Robert D. Putnam, Robert Leonardi, Raffaella Nanetti'),
	(614,'Democracy\'s Discontent','0674197453','9780674197459',NULL,'Michael J. Sandel'),
	(615,'The Birthright Lottery','0674032713','9780674032712',NULL,'Ayelet Shachar'),
	(616,'The Paradox of Traditional Chiefs in Democratic Africa','1107566444','9781107566446',NULL,'Kate Baldwin'),
	(617,'Power and Powerlessness','0252009851','9780252009853',NULL,'John Gaventa'),
	(618,'Faithful and Fearless','0691010080','9780691010083',NULL,'Mary Fainsod Katzenstein'),
	(619,'Power, Second Edition','0333420926','9780333420928','2nd','Steven Lukes'),
	(620,'Social democracy in the global periphery','0521686873','9780521686877',NULL,'Richard Sandbrook'),
	(621,'Democracy in Translation','0801486912','9780801486913',NULL,'Frederic Charles Schaffer'),
	(622,'Crafting State-Nations','0801897246','9780801897245',NULL,'Alfred Stepan, Juan J. Linz, Yogendra Yadav'),
	(623,'50 Great Myths of Popular Psychology','1405131128','9781405131124',NULL,'Steven Jay Lynn, John Ruscio'),
	(624,'An Introduction to Applied Cognitive Psychology','1138840130','9781138840133','2nd','Michael Eysenck'),
	(625,'How to Think Like a Behavior Analyst','0805858881','9780805858884',NULL,'Jon S. Bailey, Mary R. Burch'),
	(626,'Behavior Modification: Principles and Procedures','1111306117','9781111306113','5th','Raymond Miltenberger'),
	(627,'Abnormal Psychology','1319066941','9781319066949','10th','Ronald J. Comer, Jonathan S. Comer'),
	(628,'Statistics for Psychology','0205924174','9780205924172','6th','Arthur Aron, Elaine N. Aron, Elliot Coups'),
	(629,'Conducting Research in Psychology','154433334X','9781544333342','5th','Brett W. Pelham, Hart Blanton'),
	(630,'Play and Social Skills for Children with Autism Spectrum Disorder','3319724983','9783319724980',NULL,'Marjorie H. Charlop, Russell Lang, Mandy Rispoli'),
	(631,'Through the Labyrinth','1422116913','9781422116913',NULL,'Alice Hendrickson Eagly, Linda Lorene Carli'),
	(632,'Ojibwa Warrior','080613691X','9780806136912',NULL,'Dennis Banks, Richard Erdoes'),
	(633,'The Moral Vision of César Chávez','1570754586','9781570754586',NULL,'Frederick John Dalton'),
	(634,'Heartbeat of Struggle','0816645930','9780816645930',NULL,'Diane Carol Fujino'),
	(635,'A Chicano Theology','1606082353','9781606082355',NULL,'Andres G. Guerrero'),
	(636,'The Road to Peace','1570751927','9781570751929',NULL,'Henri J. M. Nouwen'),
	(637,'Chicano!','N/A','9781558852013',NULL,'Francisco Arturo Rosales'),
	(638,'Going South','081479775X','9780814797754',NULL,'Debra L. Schultz, Blanche Wiesen Cook'),
	(639,'Overcoming Our Racism','N/A','9781118533659',NULL,'Derald Wing Sue, Sue'),
	(640,'The Strange Career of Jim Crow','0195146905','9780195146905',NULL,'Comer Vann Woodward'),
	(641,'Devi','0520200586','9780520200586',NULL,'John Stratton Hawley'),
	(642,'City of God','0140448942','9780140448948',NULL,'Augustine, Henry Scowcroft Bettenson, Gillian Rosemary Evans'),
	(643,'The European Dynastic States, 1494-1660','0198730233','9780198730231',NULL,'Richard Bonney'),
	(644,'The Body Broken','0415341507','9780415341509',NULL,'Charles F. Briggs'),
	(645,'The Palestine-Israeli Conflict','N/A','9781851686117','3rd','Dan Cohn-Sherbok, Dawoud Sudqi El Alami'),
	(646,'Unholy War','0195168860','9780195168860',NULL,'John L. Esposito'),
	(647,'Sudán','1851683666','9781851683666',NULL,'Jok Madut Jok'),
	(648,'Global Rebellion','0520261577','9780520261570',NULL,'Mark Juergensmeyer'),
	(649,'Terror in the Mind of God, Fourth Edition','0520291352','9780520291355','4th','Mark Juergensmeyer'),
	(650,'The Concise History of the Crusades','1442215755','9781442215757','3rd','Thomas F. Madden'),
	(651,'Mosaicos Student Activities Manual','0205247962','9780205247967','6th','Matilde Olivella Castells, Elizabeth Guzman, Paloma E. Lapuerta, Judith E. Liskin-Gasparro'),
	(652,'Los de Abajo','9871136625','9789871136629',NULL,'Mariano Azuela, Luis Leal'),
	(653,'Biografía de un cimarrón','0719080916','9780719080913',NULL,'Miguel Barnet, Esteban Montejo, William Rowlandson'),
	(654,'Cartucho','9684114559','9789684114555',NULL,'Nellie Campobello'),
	(655,'Huellas de las literaturas hispanoamericanas','0130618578','9780130618573','2nd','John F. Garganigo'),
	(656,'Microeconomics',NULL,'9781118572276','5th','Besanko'),
	(657,'Intermediate Microeconomics &Its App (w/out CourseMate)',NULL,'9781133189039','12th','Nicholson'),
	(658,'Intro to Econometrics, Student Value Edition Plus Mylab Economics with Pearson EText -- Access Card Package',NULL,'9780134611006','4th','Stock'),
	(659,'Money, Banking & the Financial (MyEconLabEText  Access)',NULL,'9780134525860','3rd','Hubbard'),
	(660,'Money, Banking & Financial System (w/NewMyEconLab)',NULL,'9780134640280','3rd','Hubbard'),
	(661,'Poor Economics',NULL,'9781610390934',NULL,'Banerjee'),
	(662,'Chicago Guide to Writing about Multivariate Analysis',NULL,'9780226527871','2nd','Miller'),
	(663,'Elements of Style (Foreword Angell)',NULL,'9780205309023','4th','Strunk'),
	(664,'Bollywood',NULL,'9780415583886','2nd','Ganti'),
	(665,'Islam in South Asia in Practice',NULL,'9780691044200',NULL,'Metcalf'),
	(666,'We the Animals',NULL,'9780547844190',NULL,'Torres'),
	(667,'Four Feathers',NULL,'9781519364340',NULL,'E. W. Mason'),
	(668,'Darkness at Noon',NULL,'9781416540267',NULL,'Koestler'),
	(669,'Structure of Scientific Revolutions (50th ANNIV ED)',NULL,'9780226458120','4th','Kuhn'),
	(670,'Death of Ivan Ilych',NULL,'9780553210354',NULL,'Tolstoy'),
	(671,'Deux Mondes (ConnectPlus French Access Card)',NULL,'9780077412678','7th','Terrell'),
	(672,'Supposedly Fun Thing I\'ll Never Do Again',NULL,'9780316925280',NULL,'Wallace'),
	(673,'Heart of Darkness',NULL,'9781420952667',NULL,'Conrad'),
	(674,'Is the American Century Over?',NULL,'9780745690070',NULL,'Nye'),
	(675,'Before the Shooting Begins',NULL,'9781416573241',NULL,'Hunter'),
	(676,'Most Dangerous Branch',NULL,'9781524759902',NULL,'Kaplan'),
	(677,'Federalist',NULL,'9780375757860',NULL,'Hamilton'),
	(678,'Bureaucracy',NULL,'9780465007851',NULL,'Wilson'),
	(679,'Age of Ambition',NULL,'9780374535278',NULL,'Osnos'),
	(680,'Party & Procedure in the United States Congress',NULL,'9781442258730','2nd','Strauss'),
	(681,'Rivals for Power : Presidential-Congressional Relations',NULL,'9781538100981','6th','Thurber'),
	(682,'End of Men',NULL,'9781594631832',NULL,'Rosin'),
	(683,'Direct Democracy & the Courts',NULL,'9780521747714',NULL,'Miller'),
	(684,'Hezbollah',NULL,'9780691160818',NULL,'Norton'),
	(685,'Battle for Syria',NULL,'9780300234619',NULL,'Phillips'),
	(686,'America\'s Longest War',NULL,'9780073513256','5th','Herring'),
	(687,'Lincoln Douglass Debates',NULL,'9781453745632',NULL,'Sparks'),
	(688,'Mapp v. Ohio',NULL,'9780700614417',NULL,'Long'),
	(689,'American Constitutional Law (V2)',NULL,'9780813349978','10th','Rossum'),
	(690,'Kennedy & Nixon',NULL,'9781451644289',NULL,'Matthews'),
	(691,'Inside the Brotherhood',NULL,'9780745682921',NULL,'Kandil'),
	(692,'Land of the Turquoise Mountains',NULL,'9781784535704',NULL,'Massoudi'),
	(693,'Ecclesiastical History of English People',NULL,'9780199537235',NULL,'Bede'),
	(694,'Mahabharata',NULL,'9780520273023','3rd','Buck'),
	(695,'Coming of Age in Nineteenth-Century India',NULL,'9781107521346',NULL,'Lal'),
	(696,'Notes on a Foreign Country',NULL,'9780374537838',NULL,'Hansen'),
	(697,'Less You Know, the Better You Sleep',NULL,'9780300230727',NULL,'Satter'),
	(698,'Integrated Korean: Beginning 2',NULL,'9780824835156','2nd','Cho'),
	(699,'King Lear',NULL,'9780743482769',NULL,'Shakespeare'),
	(700,'Canterbury Tales',NULL,'9780140422344',NULL,'Chaucer'),
	(701,'Short Border Handbook',NULL,'9780997316988',NULL,'Kapllani'),
	(702,'Oresteia',NULL,'9780872203907',NULL,'Aeschylus'),
	(703,'Farming of Bones',NULL,'9781616953492',NULL,'Danticat'),
	(704,'Masters of the Dew',NULL,'9781584328490',NULL,'Roumain'),
	(705,'Ogre\'s Embrace',NULL,'9780704370432',NULL,'Mimouni'),
	(706,'Ulysses',NULL,'9781533293800',NULL,'Joyce'),
	(707,'Prin of Mathematical Analysis',NULL,'9780070542358','3rd','Rudin'),
	(708,'Marx-Engels Reader',NULL,'9780393090406','2nd','Tucker'),
	(709,'Secularism & State Policies Toward Religion',NULL,'9780521741347',NULL,'Kuru'),
	(710,'Politics of Resentment',NULL,'9780226349114',NULL,'Cramer'),
	(711,'Soft Power',NULL,'9781586483067',NULL,'Nye'),
	(712,'Psychological Science',NULL,'9780393640366','6th','Gazzaniga'),
	(713,'Psychology in Action (LL)(w/WileyPLUS Card)',NULL,'9781119395409','12th','Huffman'),
	(714,'Statistics for Psychology (w/MyStatLab Access) (Loose Pgs)',NULL,'9780205923922','6th','Aron'),
	(715,'High Potentials\' Advantage',NULL,'9781633692886',NULL,'Conger'),
	(716,'Leadership (CP) PSYC 140 SP19',NULL,'9780840151926',NULL,'Conger'),
	(717,'Mosaicos (MySpanishLab Access)(w/Duolingo Access)',NULL,'9780134832029','6th','Castells');

/*!40000 ALTER TABLE `books` ENABLE KEYS */;
UNLOCK TABLES;


# Dump of table course_books
# ------------------------------------------------------------

DROP TABLE IF EXISTS `course_books`;

CREATE TABLE `course_books` (
  `book_id` int(11) NOT NULL,
  `course_id` int(11) NOT NULL,
  PRIMARY KEY (`book_id`,`course_id`),
  KEY `fkIdx_193` (`book_id`),
  KEY `fkIdx_197` (`course_id`),
  CONSTRAINT `FK_193` FOREIGN KEY (`book_id`) REFERENCES `books` (`book_id`),
  CONSTRAINT `FK_197` FOREIGN KEY (`course_id`) REFERENCES `courses` (`course_id`)
) ENGINE=InnoDB DEFAULT CHARSET=utf8;

LOCK TABLES `course_books` WRITE;
/*!40000 ALTER TABLE `course_books` DISABLE KEYS */;

INSERT INTO `course_books` (`book_id`, `course_id`)
VALUES
	(1,1),
	(2,120),
	(3,120),
	(4,69),
	(5,67),
	(6,5),
	(6,132),
	(7,6),
	(7,132),
	(7,133),
	(7,134),
	(8,102),
	(9,8),
	(10,9),
	(11,19),
	(11,129),
	(12,11),
	(12,149),
	(13,12),
	(13,142),
	(13,143),
	(14,13),
	(14,147),
	(15,19),
	(16,19),
	(17,19),
	(18,19),
	(19,57),
	(19,140),
	(19,141),
	(20,70),
	(21,17),
	(22,17),
	(23,18),
	(23,131),
	(24,19),
	(25,118),
	(26,21),
	(27,21),
	(28,22),
	(29,104),
	(30,60),
	(30,104),
	(31,24),
	(31,156),
	(32,114),
	(33,114),
	(33,168),
	(34,114),
	(35,114),
	(35,183),
	(36,114),
	(36,231),
	(37,114),
	(37,231),
	(38,114),
	(39,114),
	(40,114),
	(40,162),
	(41,114),
	(42,114),
	(43,114),
	(44,114),
	(45,114),
	(45,162),
	(45,168),
	(45,194),
	(46,114),
	(47,114),
	(47,165),
	(48,114),
	(48,165),
	(48,168),
	(48,261),
	(49,114),
	(49,165),
	(50,114),
	(50,164),
	(51,114),
	(51,164),
	(52,114),
	(52,164),
	(53,114),
	(53,164),
	(54,114),
	(54,164),
	(55,114),
	(55,164),
	(56,114),
	(56,164),
	(57,114),
	(57,164),
	(58,114),
	(58,163),
	(59,114),
	(59,163),
	(60,114),
	(60,163),
	(61,114),
	(61,163),
	(62,114),
	(62,163),
	(62,287),
	(63,114),
	(63,233),
	(64,114),
	(65,114),
	(66,114),
	(67,114),
	(68,114),
	(69,122),
	(70,122),
	(71,33),
	(72,33),
	(73,33),
	(74,33),
	(75,34),
	(76,34),
	(76,171),
	(77,112),
	(78,112),
	(79,112),
	(80,114),
	(80,181),
	(81,114),
	(81,174),
	(81,242),
	(82,114),
	(83,114),
	(84,114),
	(85,114),
	(86,114),
	(86,231),
	(87,114),
	(87,180),
	(88,114),
	(89,114),
	(90,114),
	(91,114),
	(92,114),
	(92,176),
	(93,114),
	(94,114),
	(95,114),
	(96,84),
	(97,84),
	(98,42),
	(99,108),
	(99,198),
	(100,108),
	(100,198),
	(100,263),
	(101,108),
	(101,198),
	(102,108),
	(102,198),
	(103,44),
	(104,44),
	(105,45),
	(106,46),
	(107,46),
	(108,46),
	(109,47),
	(109,184),
	(110,47),
	(111,47),
	(112,47),
	(113,48),
	(113,183),
	(114,48),
	(114,183),
	(115,48),
	(116,48),
	(116,183),
	(117,48),
	(118,48),
	(118,263),
	(118,264),
	(119,48),
	(119,183),
	(119,194),
	(119,233),
	(120,58),
	(121,58),
	(122,50),
	(122,198),
	(123,51),
	(124,51),
	(125,51),
	(126,52),
	(127,52),
	(128,53),
	(129,98),
	(130,55),
	(131,58),
	(131,187),
	(132,58),
	(132,183),
	(133,57),
	(134,57),
	(135,57),
	(136,57),
	(137,57),
	(138,57),
	(139,57),
	(140,58),
	(140,188),
	(141,58),
	(141,188),
	(142,58),
	(142,188),
	(143,58),
	(143,182),
	(143,187),
	(143,188),
	(144,58),
	(144,188),
	(145,59),
	(146,59),
	(147,59),
	(148,59),
	(148,123),
	(149,62),
	(150,62),
	(151,63),
	(152,63),
	(153,63),
	(154,64),
	(155,64),
	(156,64),
	(157,64),
	(158,65),
	(159,66),
	(160,66),
	(161,66),
	(162,66),
	(163,67),
	(164,67),
	(165,68),
	(166,68),
	(167,69),
	(168,69),
	(169,69),
	(170,69),
	(171,69),
	(172,69),
	(173,70),
	(174,70),
	(175,71),
	(175,213),
	(176,71),
	(176,213),
	(177,71),
	(177,213),
	(178,71),
	(178,213),
	(179,122),
	(180,122),
	(181,120),
	(182,120),
	(183,114),
	(183,229),
	(184,108),
	(185,108),
	(186,108),
	(187,108),
	(188,108),
	(189,108),
	(190,76),
	(191,77),
	(191,174),
	(192,87),
	(193,87),
	(194,87),
	(195,87),
	(196,112),
	(197,112),
	(198,80),
	(199,80),
	(200,80),
	(200,231),
	(201,81),
	(202,81),
	(203,81),
	(204,81),
	(205,81),
	(206,109),
	(206,245),
	(207,84),
	(208,84),
	(208,250),
	(209,85),
	(210,86),
	(211,87),
	(211,252),
	(212,109),
	(212,246),
	(213,89),
	(213,247),
	(214,122),
	(215,91),
	(216,92),
	(217,92),
	(218,93),
	(219,93),
	(220,94),
	(221,122),
	(222,122),
	(223,96),
	(224,96),
	(225,96),
	(226,96),
	(227,96),
	(228,97),
	(229,98),
	(230,99),
	(230,286),
	(231,109),
	(232,101),
	(232,279),
	(233,102),
	(234,110),
	(234,274),
	(235,104),
	(236,105),
	(237,106),
	(239,109),
	(239,272),
	(240,108),
	(241,108),
	(241,277),
	(242,109),
	(242,269),
	(243,110),
	(243,271),
	(243,274),
	(243,275),
	(244,111),
	(244,271),
	(245,112),
	(246,113),
	(247,113),
	(248,114),
	(248,168),
	(249,115),
	(250,115),
	(251,115),
	(252,115),
	(253,116),
	(254,117),
	(255,117),
	(256,117),
	(257,117),
	(258,118),
	(259,118),
	(260,118),
	(261,118),
	(262,118),
	(263,118),
	(264,119),
	(265,119),
	(266,120),
	(266,291),
	(267,120),
	(267,291),
	(267,292),
	(268,120),
	(269,121),
	(270,121),
	(270,293),
	(271,122),
	(271,292),
	(271,293),
	(272,122),
	(273,122),
	(273,292),
	(273,293),
	(274,123),
	(275,123),
	(276,123),
	(277,123),
	(278,123),
	(279,123),
	(280,123),
	(281,125),
	(281,126),
	(282,126),
	(283,128),
	(284,129),
	(285,130),
	(286,136),
	(286,182),
	(287,138),
	(288,139),
	(289,145),
	(290,146),
	(290,170),
	(291,148),
	(292,150),
	(293,148),
	(294,153),
	(295,153),
	(296,155),
	(297,155),
	(297,263),
	(297,266),
	(298,155),
	(299,157),
	(300,158),
	(301,161),
	(301,169),
	(302,162),
	(303,162),
	(303,165),
	(304,162),
	(305,162),
	(305,165),
	(305,168),
	(305,233),
	(306,163),
	(307,163),
	(308,166),
	(309,166),
	(310,166),
	(311,167),
	(312,167),
	(313,167),
	(314,168),
	(315,168),
	(316,168),
	(317,168),
	(317,233),
	(318,168),
	(319,168),
	(320,173),
	(321,173),
	(322,173),
	(323,173),
	(324,173),
	(325,173),
	(326,174),
	(327,174),
	(328,174),
	(329,174),
	(330,174),
	(331,174),
	(332,174),
	(333,174),
	(334,174),
	(335,175),
	(336,175),
	(337,175),
	(338,175),
	(339,175),
	(340,176),
	(340,231),
	(341,176),
	(342,176),
	(343,176),
	(344,177),
	(345,177),
	(346,177),
	(347,177),
	(348,178),
	(349,178),
	(350,178),
	(351,178),
	(352,179),
	(353,180),
	(354,180),
	(355,180),
	(356,180),
	(357,180),
	(358,181),
	(359,183),
	(360,183),
	(361,183),
	(361,186),
	(361,187),
	(362,183),
	(363,183),
	(363,184),
	(363,187),
	(363,188),
	(364,183),
	(365,184),
	(366,184),
	(367,184),
	(368,184),
	(369,185),
	(370,185),
	(371,186),
	(372,189),
	(373,190),
	(374,190),
	(375,190),
	(376,190),
	(377,190),
	(378,191),
	(379,191),
	(380,191),
	(381,191),
	(382,191),
	(383,191),
	(384,191),
	(385,190),
	(386,184),
	(386,190),
	(387,190),
	(388,190),
	(389,190),
	(390,183),
	(390,194),
	(391,183),
	(391,194),
	(392,183),
	(392,194),
	(393,194),
	(394,195),
	(395,195),
	(396,195),
	(397,184),
	(398,184),
	(399,184),
	(400,184),
	(401,184),
	(402,184),
	(403,184),
	(404,184),
	(405,184),
	(406,184),
	(407,197),
	(408,197),
	(409,197),
	(410,198),
	(411,199),
	(412,199),
	(413,199),
	(414,199),
	(414,287),
	(415,199),
	(416,200),
	(417,200),
	(418,201),
	(419,194),
	(420,194),
	(421,194),
	(422,194),
	(423,194),
	(424,194),
	(425,204),
	(426,204),
	(427,204),
	(428,204),
	(429,204),
	(430,204),
	(431,205),
	(432,205),
	(433,205),
	(434,205),
	(435,205),
	(436,195),
	(437,195),
	(438,195),
	(439,208),
	(440,208),
	(441,208),
	(442,208),
	(443,191),
	(444,199),
	(445,199),
	(446,199),
	(447,199),
	(448,199),
	(449,211),
	(450,211),
	(451,211),
	(452,212),
	(453,212),
	(454,212),
	(455,212),
	(456,212),
	(457,212),
	(458,212),
	(459,213),
	(460,214),
	(461,214),
	(462,214),
	(463,214),
	(464,214),
	(465,215),
	(466,215),
	(467,214),
	(467,215),
	(468,215),
	(469,215),
	(470,215),
	(471,215),
	(472,215),
	(473,213),
	(474,213),
	(475,213),
	(476,213),
	(477,217),
	(478,217),
	(479,217),
	(480,217),
	(481,217),
	(482,217),
	(483,218),
	(484,219),
	(485,219),
	(486,219),
	(487,219),
	(488,219),
	(489,219),
	(490,220),
	(491,212),
	(492,212),
	(493,212),
	(494,212),
	(495,212),
	(496,222),
	(497,222),
	(498,222),
	(499,219),
	(500,214),
	(501,214),
	(502,214),
	(503,214),
	(504,214),
	(505,214),
	(506,225),
	(507,225),
	(508,226),
	(509,226),
	(510,226),
	(511,226),
	(512,226),
	(513,226),
	(514,226),
	(515,227),
	(516,228),
	(517,228),
	(518,230),
	(519,230),
	(520,231),
	(521,231),
	(522,232),
	(523,233),
	(524,232),
	(525,232),
	(526,232),
	(527,232),
	(528,232),
	(529,232),
	(530,232),
	(531,232),
	(532,232),
	(533,235),
	(534,235),
	(535,235),
	(536,235),
	(537,233),
	(538,233),
	(539,233),
	(540,233),
	(540,261),
	(541,233),
	(542,233),
	(543,233),
	(544,233),
	(545,237),
	(546,237),
	(547,238),
	(548,238),
	(549,238),
	(550,238),
	(551,238),
	(552,239),
	(553,239),
	(554,240),
	(555,241),
	(556,242),
	(557,242),
	(558,242),
	(559,242),
	(560,242),
	(561,242),
	(562,242),
	(563,242),
	(564,242),
	(565,242),
	(566,243),
	(567,243),
	(568,243),
	(569,240),
	(570,240),
	(571,240),
	(572,240),
	(573,240),
	(574,248),
	(575,249),
	(576,250),
	(577,249),
	(578,252),
	(579,256),
	(580,256),
	(581,256),
	(582,256),
	(583,256),
	(584,256),
	(585,256),
	(586,257),
	(587,258),
	(588,257),
	(589,256),
	(590,256),
	(591,256),
	(592,256),
	(592,263),
	(593,261),
	(594,261),
	(595,261),
	(596,261),
	(597,262),
	(598,263),
	(599,263),
	(600,263),
	(600,264),
	(601,263),
	(602,263),
	(603,264),
	(604,264),
	(605,264),
	(606,264),
	(607,265),
	(608,265),
	(609,265),
	(610,265),
	(611,265),
	(612,265),
	(613,265),
	(614,265),
	(615,265),
	(616,266),
	(617,266),
	(618,266),
	(619,266),
	(620,266),
	(621,266),
	(622,266),
	(623,272),
	(624,276),
	(625,277),
	(626,277),
	(627,278),
	(628,281),
	(629,282),
	(630,277),
	(631,284),
	(632,287),
	(633,287),
	(634,287),
	(635,287),
	(636,287),
	(637,287),
	(638,287),
	(639,287),
	(640,287),
	(641,288),
	(642,289),
	(643,289),
	(644,289),
	(645,287),
	(646,287),
	(647,287),
	(648,287),
	(649,287),
	(650,287),
	(651,292),
	(652,296),
	(653,296),
	(654,296),
	(655,297),
	(656,137),
	(657,138),
	(658,143),
	(659,145),
	(660,145),
	(661,155),
	(662,157),
	(663,157),
	(664,166),
	(665,166),
	(666,166),
	(667,167),
	(668,167),
	(669,168),
	(670,168),
	(671,171),
	(672,174),
	(673,178),
	(674,183),
	(675,184),
	(676,184),
	(677,186),
	(678,190),
	(679,191),
	(680,195),
	(681,195),
	(682,184),
	(683,197),
	(684,199),
	(685,199),
	(686,200),
	(687,194),
	(688,198),
	(688,225),
	(689,198),
	(689,225),
	(690,195),
	(691,199),
	(692,214),
	(693,213),
	(694,212),
	(695,212),
	(696,214),
	(697,226),
	(698,227),
	(699,231),
	(700,232),
	(701,232),
	(702,233),
	(703,238),
	(704,238),
	(705,239),
	(706,242),
	(707,248),
	(708,263),
	(709,265),
	(710,266),
	(711,266),
	(712,270),
	(713,271),
	(714,281),
	(715,285),
	(716,285),
	(717,291);

/*!40000 ALTER TABLE `course_books` ENABLE KEYS */;
UNLOCK TABLES;


# Dump of table courses
# ------------------------------------------------------------

DROP TABLE IF EXISTS `courses`;

CREATE TABLE `courses` (
  `course_id` int(11) NOT NULL AUTO_INCREMENT,
  `professor_id` int(11) NOT NULL,
  `school_semester_id` int(11) NOT NULL,
  `code` varchar(45) DEFAULT NULL,
  `name` varchar(45) DEFAULT NULL,
  `school_department_id` int(11) DEFAULT NULL,
  PRIMARY KEY (`course_id`),
  KEY `fkIdx_123` (`school_semester_id`),
  KEY `fkIdx_129` (`professor_id`),
  CONSTRAINT `FK_123` FOREIGN KEY (`school_semester_id`) REFERENCES `school_semesters` (`school_semester_id`),
  CONSTRAINT `FK_129` FOREIGN KEY (`professor_id`) REFERENCES `professors` (`professor_id`)
) ENGINE=InnoDB DEFAULT CHARSET=utf8;

LOCK TABLES `courses` WRITE;
/*!40000 ALTER TABLE `courses` DISABLE KEYS */;

INSERT INTO `courses` (`course_id`, `professor_id`, `school_semester_id`, `code`, `name`, `school_department_id`)
VALUES
	(1,72,2,'130',NULL,1),
	(2,26,2,'1',NULL,1),
	(3,84,2,'134',NULL,2),
	(4,75,2,'101',NULL,2),
	(5,73,2,'191',NULL,2),
	(6,65,2,'86',NULL,2),
	(7,64,2,'97',NULL,2),
	(8,62,2,'129',NULL,2),
	(9,58,2,'125',NULL,2),
	(10,57,2,'50',NULL,2),
	(11,48,2,'150',NULL,2),
	(12,42,2,'120',NULL,2),
	(13,37,2,'139',NULL,2),
	(14,35,2,'50',NULL,2),
	(15,30,2,'102',NULL,2),
	(16,28,2,'151',NULL,2),
	(17,25,2,'152',NULL,2),
	(18,24,2,'65',NULL,2),
	(19,21,2,'50',NULL,2),
	(20,21,2,'171',NULL,2),
	(21,8,2,'158',NULL,2),
	(22,6,2,'154',NULL,2),
	(23,5,2,'142',NULL,2),
	(24,3,2,'175',NULL,2),
	(25,67,2,'10',NULL,3),
	(26,56,2,'10',NULL,3),
	(27,54,2,'10',NULL,3),
	(28,46,2,'10',NULL,3),
	(29,33,2,'10',NULL,3),
	(30,20,2,'10',NULL,3),
	(31,10,2,'10',NULL,3),
	(32,69,2,'33',NULL,4),
	(33,69,2,'135',NULL,4),
	(34,1,2,'22',NULL,4),
	(35,1,2,'132',NULL,4),
	(36,83,2,'10',NULL,5),
	(37,81,2,'10',NULL,5),
	(38,63,2,'10',NULL,5),
	(39,22,2,'10',NULL,5),
	(40,18,2,'10',NULL,5),
	(41,70,2,'60',NULL,6),
	(42,70,2,'136C',NULL,6),
	(43,66,2,'119',NULL,6),
	(44,66,2,'112A',NULL,6),
	(45,64,2,'55',NULL,6),
	(46,60,2,'106',NULL,6),
	(47,60,2,'020H',NULL,6),
	(48,56,2,'80',NULL,6),
	(49,52,2,'20',NULL,6),
	(50,52,2,'112B',NULL,6),
	(51,39,2,'141',NULL,6),
	(52,29,2,'178',NULL,6),
	(53,29,2,'196',NULL,6),
	(54,23,2,'70',NULL,6),
	(55,23,2,'149',NULL,6),
	(56,13,2,'20',NULL,6),
	(57,13,2,'102',NULL,6),
	(58,7,2,'20',NULL,6),
	(59,7,2,'181',NULL,6),
	(60,5,2,'132E',NULL,6),
	(61,4,2,'60',NULL,6),
	(62,4,2,'173C',NULL,6),
	(63,80,2,'127',NULL,7),
	(64,80,2,'182',NULL,7),
	(65,67,2,'98',NULL,7),
	(66,59,2,'78',NULL,7),
	(67,59,2,'101',NULL,7),
	(68,51,2,'112',NULL,7),
	(69,33,2,'134',NULL,7),
	(70,15,2,'151',NULL,7),
	(71,10,2,'54',NULL,7),
	(72,72,2,'33',NULL,8),
	(73,43,2,'1',NULL,8),
	(74,74,2,'10',NULL,9),
	(75,82,2,'119',NULL,10),
	(76,82,2,'136',NULL,10),
	(77,81,2,'90',NULL,10),
	(78,63,2,'111',NULL,10),
	(79,53,2,'132',NULL,10),
	(80,47,2,'099A',NULL,10),
	(81,22,2,'82',NULL,10),
	(82,78,2,'30',NULL,11),
	(83,78,2,'60',NULL,11),
	(84,55,2,'60',NULL,11),
	(85,55,2,'031A',NULL,11),
	(86,41,2,'32',NULL,11),
	(87,41,2,'111',NULL,11),
	(88,38,2,'30',NULL,11),
	(89,27,2,'31',NULL,11),
	(90,68,2,'33',NULL,12),
	(91,61,2,'34',NULL,12),
	(92,49,2,'198',NULL,12),
	(93,44,2,'128',NULL,12),
	(94,77,2,'100',NULL,13),
	(95,77,2,'33',NULL,14),
	(96,9,2,'110A',NULL,15),
	(97,76,2,'40',NULL,16),
	(98,45,2,'70',NULL,16),
	(99,45,2,'180',NULL,16),
	(100,40,2,'30',NULL,16),
	(101,40,2,'81',NULL,16),
	(102,34,2,'97',NULL,16),
	(103,19,2,'37',NULL,16),
	(104,19,2,'142',NULL,16),
	(105,17,2,'109',NULL,16),
	(106,16,2,'140',NULL,16),
	(107,14,2,'30',NULL,16),
	(108,14,2,'119',NULL,16),
	(109,12,2,'30',NULL,16),
	(110,11,2,'37',NULL,16),
	(111,11,2,'92',NULL,16),
	(112,11,2,'132',NULL,16),
	(113,79,2,'59',NULL,17),
	(114,50,2,'10',NULL,17),
	(115,31,2,'87',NULL,17),
	(116,31,2,'137',NULL,17),
	(117,31,2,'163',NULL,17),
	(118,20,2,'171',NULL,17),
	(119,71,2,'125A',NULL,18),
	(120,36,2,'1',NULL,18),
	(121,32,2,'44',NULL,18),
	(122,2,2,'33',NULL,18),
	(123,85,3,'125',NULL,19),
	(124,85,3,'010B',NULL,19),
	(125,26,3,'2',NULL,1),
	(126,86,3,'44',NULL,1),
	(127,86,3,'140',NULL,1),
	(128,87,3,'55',NULL,20),
	(129,58,3,'50',NULL,2),
	(130,88,3,'50',NULL,2),
	(131,24,3,'65',NULL,2),
	(132,73,3,'86',NULL,2),
	(133,28,3,'86',NULL,2),
	(134,89,3,'86',NULL,2),
	(135,24,3,'98',NULL,2),
	(136,64,3,'100',NULL,2),
	(137,57,3,'101',NULL,2),
	(138,90,3,'101',NULL,2),
	(139,91,3,'101',NULL,2),
	(140,30,3,'102',NULL,2),
	(141,92,3,'102',NULL,2),
	(142,62,3,'120',NULL,2),
	(143,42,3,'120',NULL,2),
	(144,42,3,'125',NULL,2),
	(145,93,3,'135',NULL,2),
	(146,84,3,'136',NULL,2),
	(147,37,3,'139',NULL,2),
	(148,8,3,'149',NULL,2),
	(149,48,3,'150',NULL,2),
	(150,94,3,'154',NULL,2),
	(151,48,3,'155',NULL,2),
	(152,8,3,'156',NULL,2),
	(153,6,3,'160',NULL,2),
	(154,24,3,'165',NULL,2),
	(155,95,3,'173',NULL,2),
	(156,3,3,'175',NULL,2),
	(157,96,3,'180',NULL,2),
	(158,97,3,'186',NULL,2),
	(159,73,3,'191',NULL,2),
	(160,24,3,'198',NULL,2),
	(161,98,3,'134B',NULL,2),
	(162,99,3,'10',NULL,3),
	(163,20,3,'10',NULL,3),
	(164,33,3,'10',NULL,3),
	(165,46,3,'10',NULL,3),
	(166,100,3,'10',NULL,3),
	(167,49,3,'10',NULL,3),
	(168,78,3,'10',NULL,3),
	(169,98,3,'330',NULL,21),
	(170,84,3,'420',NULL,21),
	(171,101,3,'1',NULL,4),
	(172,101,3,'2',NULL,4),
	(173,69,3,'117',NULL,4),
	(174,102,3,'10',NULL,5),
	(175,103,3,'10',NULL,5),
	(176,47,3,'10',NULL,5),
	(177,104,3,'10',NULL,5),
	(178,53,3,'10',NULL,5),
	(179,96,3,'10',NULL,5),
	(180,82,3,'10',NULL,5),
	(181,83,3,'10',NULL,5),
	(182,64,3,'20',NULL,6),
	(183,105,3,'20',NULL,6),
	(184,106,3,'20',NULL,6),
	(185,107,3,'20',NULL,6),
	(186,99,3,'20',NULL,6),
	(187,13,3,'20',NULL,6),
	(188,7,3,'20',NULL,6),
	(189,49,3,'20',NULL,6),
	(190,108,3,'50',NULL,6),
	(191,109,3,'60',NULL,6),
	(192,108,3,'65',NULL,6),
	(193,105,3,'80',NULL,6),
	(194,54,3,'80',NULL,6),
	(195,60,3,'101',NULL,6),
	(196,106,3,'110',NULL,6),
	(197,52,3,'117',NULL,6),
	(198,66,3,'119',NULL,6),
	(199,110,3,'131',NULL,6),
	(200,111,3,'140',NULL,6),
	(201,39,3,'142',NULL,6),
	(202,111,3,'149',NULL,6),
	(203,54,3,'163',NULL,6),
	(204,56,3,'165',NULL,6),
	(205,112,3,'187',NULL,6),
	(206,66,3,'112B',NULL,6),
	(207,60,3,'124A',NULL,6),
	(208,113,3,'124B',NULL,6),
	(209,109,3,'134E',NULL,6),
	(210,110,3,'142C',NULL,6),
	(211,4,3,'143C',NULL,6),
	(212,100,3,'52',NULL,7),
	(213,10,3,'54',NULL,7),
	(214,114,3,'56',NULL,7),
	(215,115,3,'100',NULL,7),
	(216,10,3,'104',NULL,7),
	(217,67,3,'117',NULL,7),
	(218,116,3,'128',NULL,7),
	(219,59,3,'146',NULL,7),
	(220,117,3,'161',NULL,7),
	(221,100,3,'167',NULL,7),
	(222,118,3,'176',NULL,7),
	(223,59,3,'177',NULL,7),
	(224,114,3,'178',NULL,7),
	(225,119,3,'112B',NULL,7),
	(226,33,3,'133B',NULL,7),
	(227,43,3,'2',NULL,8),
	(228,120,3,'44',NULL,8),
	(229,121,3,'10',NULL,9),
	(230,82,3,'58',NULL,10),
	(231,47,3,'62',NULL,10),
	(232,63,3,'63',NULL,10),
	(233,22,3,'65',NULL,10),
	(234,63,3,'78',NULL,10),
	(235,81,3,'97',NULL,10),
	(236,22,3,'98',NULL,10),
	(237,53,3,'134',NULL,10),
	(238,69,3,'160',NULL,10),
	(239,1,3,'163',NULL,10),
	(240,122,3,'183',NULL,10),
	(241,123,3,'185',NULL,10),
	(242,102,3,'099A',NULL,10),
	(243,96,3,'099B',NULL,10),
	(244,122,3,'099C',NULL,10),
	(245,78,3,'30',NULL,11),
	(246,87,3,'30',NULL,11),
	(247,27,3,'31',NULL,11),
	(248,124,3,'31',NULL,11),
	(249,125,3,'32',NULL,11),
	(250,55,3,'32',NULL,11),
	(251,55,3,'60',NULL,11),
	(252,41,3,'111',NULL,11),
	(253,124,3,'131',NULL,11),
	(254,125,3,'135',NULL,11),
	(255,41,3,'180',NULL,11),
	(256,126,3,'34',NULL,12),
	(257,61,3,'39',NULL,12),
	(258,44,3,'95',NULL,12),
	(259,61,3,'177',NULL,12),
	(260,126,3,'191',NULL,12),
	(261,127,3,'100A',NULL,12),
	(262,77,3,'44',NULL,14),
	(263,128,3,'001A',NULL,15),
	(264,49,3,'001A',NULL,15),
	(265,86,3,'011A',NULL,15),
	(266,70,3,'011A',NULL,15),
	(267,86,3,'011B',NULL,15),
	(268,70,3,'011B',NULL,15),
	(269,12,3,'30',NULL,16),
	(270,34,3,'30',NULL,16),
	(271,11,3,'30',NULL,16),
	(272,45,3,'30',NULL,16),
	(273,11,3,'37',NULL,16),
	(274,19,3,'37',NULL,16),
	(275,129,3,'37',NULL,16),
	(276,17,3,'40',NULL,16),
	(277,14,3,'65',NULL,16),
	(278,130,3,'70',NULL,16),
	(279,40,3,'81',NULL,16),
	(280,11,3,'92',NULL,16),
	(281,131,3,'109',NULL,16),
	(282,132,3,'110',NULL,16),
	(283,14,3,'120',NULL,16),
	(284,133,3,'131',NULL,16),
	(285,16,3,'140',NULL,16),
	(286,134,3,'188',NULL,16),
	(287,20,3,'84',NULL,17),
	(288,135,3,'118',NULL,17),
	(289,43,3,'165',NULL,17),
	(290,20,3,'166B',NULL,17),
	(291,36,3,'2',NULL,18),
	(292,32,3,'22',NULL,18),
	(293,2,3,'33',NULL,18),
	(294,32,3,'33',NULL,18),
	(295,2,3,'44',NULL,18),
	(296,71,3,'158',NULL,18),
	(297,77,3,'125B',NULL,18);

/*!40000 ALTER TABLE `courses` ENABLE KEYS */;
UNLOCK TABLES;


# Dump of table professors
# ------------------------------------------------------------

DROP TABLE IF EXISTS `professors`;

CREATE TABLE `professors` (
  `professor_id` int(11) NOT NULL AUTO_INCREMENT,
  `first_name` varchar(45) DEFAULT NULL,
  `last_name` varchar(45) DEFAULT NULL,
  `email` varchar(45) DEFAULT NULL,
  `school_id` int(11) NOT NULL,
  PRIMARY KEY (`professor_id`),
  KEY `fkIdx_70` (`school_id`),
  CONSTRAINT `FK_70` FOREIGN KEY (`school_id`) REFERENCES `schools` (`school_id`)
) ENGINE=InnoDB DEFAULT CHARSET=utf8;

LOCK TABLES `professors` WRITE;
/*!40000 ALTER TABLE `professors` DISABLE KEYS */;

INSERT INTO `professors` (`professor_id`, `first_name`, `last_name`, `email`, `school_id`)
VALUES
	(1,NULL,'Aitel',NULL,1),
	(2,NULL,'Altamirano',NULL,1),
	(3,NULL,'Antecol',NULL,1),
	(4,NULL,'Appel',NULL,1),
	(5,NULL,'Ascher',NULL,1),
	(6,NULL,'Batta',NULL,1),
	(7,NULL,'Bessette',NULL,1),
	(8,NULL,'Birkenbeuel',NULL,1),
	(9,NULL,'Bjerk',NULL,1),
	(10,NULL,'Bjornlie',NULL,1),
	(11,NULL,'Bowman',NULL,1),
	(12,NULL,'Brown',NULL,1),
	(13,NULL,'Busch',NULL,1),
	(14,NULL,'Charlop',NULL,1),
	(15,NULL,'Cody',NULL,1),
	(16,NULL,'Conger',NULL,1),
	(17,NULL,'Cook',NULL,1),
	(18,NULL,'Crockett',NULL,1),
	(19,NULL,'Day',NULL,1),
	(20,NULL,'Espinosa',NULL,1),
	(21,NULL,'Evans',NULL,1),
	(22,NULL,'Farrell',NULL,1),
	(23,NULL,'Favretto',NULL,1),
	(24,NULL,'Filson',NULL,1),
	(25,NULL,'Finley',NULL,1),
	(26,NULL,'Frangieh',NULL,1),
	(27,NULL,'Fukshansky',NULL,1),
	(28,NULL,'Ganguly',NULL,1),
	(29,NULL,'Gann',NULL,1),
	(30,NULL,'Gelman',NULL,1),
	(31,NULL,'Gilbert',NULL,1),
	(32,NULL,'Gonzales',NULL,1),
	(33,NULL,'Hamburg',NULL,1),
	(34,NULL,'Harris',NULL,1),
	(35,NULL,'Helland',NULL,1),
	(36,NULL,'Hernandez',NULL,1),
	(37,NULL,'Hughson',NULL,1),
	(38,NULL,'Ibragimov',NULL,1),
	(39,NULL,'Jones',NULL,1),
	(40,NULL,'Kanaya',NULL,1),
	(41,NULL,'Kao',NULL,1),
	(42,NULL,'Keil',NULL,1),
	(43,NULL,'Kim',NULL,1),
	(44,NULL,'Kind',NULL,1),
	(45,NULL,'Krauss',NULL,1),
	(46,NULL,'Kreines',NULL,1),
	(47,NULL,'Lobis',NULL,1),
	(48,NULL,'Magilke',NULL,1),
	(49,NULL,'Martin',NULL,1),
	(50,NULL,'Martinez',NULL,1),
	(51,NULL,'Mestaz',NULL,1),
	(52,NULL,'Miller',NULL,1),
	(53,NULL,'Morrison',NULL,1),
	(54,NULL,'Nadon',NULL,1),
	(55,NULL,'Nelson',NULL,1),
	(56,NULL,'Nichols',NULL,1),
	(57,NULL,'Olfati',NULL,1),
	(58,NULL,'Ozbeklik',NULL,1),
	(59,NULL,'Petropoulos',NULL,1),
	(60,NULL,'Pitney',NULL,1),
	(61,NULL,'Rajczi',NULL,1),
	(62,NULL,'Raviv',NULL,1),
	(63,NULL,'Rentz',NULL,1),
	(64,NULL,'Rose',NULL,1),
	(65,NULL,'Rosett',NULL,1),
	(66,NULL,'Rossum',NULL,1),
	(67,NULL,'Sarzynski',NULL,1),
	(68,NULL,'Schroeder',NULL,1),
	(69,NULL,'Shelton',NULL,1),
	(70,NULL,'Sinha',NULL,1),
	(71,NULL,'Skinner',NULL,1),
	(72,NULL,'Staff',NULL,1),
	(73,NULL,'Taylor',NULL,1),
	(74,NULL,'Thompson',NULL,1),
	(75,NULL,'Tocoian',NULL,1),
	(76,NULL,'Umanath',NULL,1),
	(77,NULL,'Valencia',NULL,1),
	(78,NULL,'Valenza',NULL,1),
	(79,NULL,'Velji',NULL,1),
	(80,NULL,'Venit-Shelton',NULL,1),
	(81,NULL,'von Hallberg',NULL,1),
	(82,NULL,'Warner',NULL,1),
	(83,NULL,'Wyman',NULL,1),
	(84,NULL,'Yu',NULL,1),
	(85,NULL,'Mubirumusoke',NULL,1),
	(86,NULL,'Thomas',NULL,1),
	(87,NULL,'Wong',NULL,1),
	(88,NULL,'Kocer',NULL,1),
	(89,NULL,'Massoud',NULL,1),
	(90,NULL,'Pedace',NULL,1),
	(91,NULL,'Lincoln',NULL,1),
	(92,NULL,'Willett',NULL,1),
	(93,NULL,'Burdekin',NULL,1),
	(94,NULL,'McAniff',NULL,1),
	(95,NULL,'Flory',NULL,1),
	(96,NULL,'Smith',NULL,1),
	(97,NULL,'Grant',NULL,1),
	(98,NULL,'Meulbroek',NULL,1),
	(99,NULL,'Areshidze',NULL,1),
	(100,NULL,'Kumar',NULL,1),
	(101,NULL,'Dahi',NULL,1),
	(102,NULL,'de la Durantaye',NULL,1),
	(103,NULL,'Gallagher',NULL,1),
	(104,NULL,'Moffett',NULL,1),
	(105,NULL,'Blitz',NULL,1),
	(106,NULL,'Shields',NULL,1),
	(107,NULL,'Lynch',NULL,1),
	(108,NULL,'Sinclair',NULL,1),
	(109,NULL,'Camp',NULL,1),
	(110,NULL,'Bou Nassif',NULL,1),
	(111,NULL,'Koch',NULL,1),
	(112,NULL,'Schroedel',NULL,1),
	(113,NULL,'Pears',NULL,1),
	(114,NULL,'Ferguson',NULL,1),
	(115,NULL,'Lower',NULL,1),
	(116,NULL,'Selig',NULL,1),
	(117,NULL,'Oh',NULL,1),
	(118,NULL,'Livesay',NULL,1),
	(119,NULL,'Stein',NULL,1),
	(120,NULL,'Lee',NULL,1),
	(121,NULL,'Arnold',NULL,1),
	(122,NULL,'Gaitskill',NULL,1),
	(123,NULL,'Cole',NULL,1),
	(124,NULL,'O\'Neill',NULL,1),
	(125,NULL,'Aksoy',NULL,1),
	(126,NULL,'Basu',NULL,1),
	(127,NULL,'Obdrzalek',NULL,1),
	(128,NULL,'Hurley',NULL,1),
	(129,NULL,'Riggio',NULL,1),
	(130,NULL,'Hwang',NULL,1),
	(131,NULL,'Levin',NULL,1),
	(132,NULL,'Valdesolo',NULL,1),
	(133,NULL,'Tan',NULL,1),
	(134,NULL,'Costanzo',NULL,1),
	(135,NULL,'Humes',NULL,1);

/*!40000 ALTER TABLE `professors` ENABLE KEYS */;
UNLOCK TABLES;


# Dump of table school_departments
# ------------------------------------------------------------

DROP TABLE IF EXISTS `school_departments`;

CREATE TABLE `school_departments` (
  `school_department_id` int(11) NOT NULL AUTO_INCREMENT,
  `name` varchar(45) DEFAULT NULL,
  `school_id` int(11) NOT NULL,
  `code` varchar(45) DEFAULT NULL,
  PRIMARY KEY (`school_department_id`),
  KEY `fkIdx_61` (`school_id`),
  CONSTRAINT `FK_61` FOREIGN KEY (`school_id`) REFERENCES `schools` (`school_id`)
) ENGINE=InnoDB DEFAULT CHARSET=utf8;

LOCK TABLES `school_departments` WRITE;
/*!40000 ALTER TABLE `school_departments` DISABLE KEYS */;

INSERT INTO `school_departments` (`school_department_id`, `name`, `school_id`, `code`)
VALUES
	(1,NULL,1,'ARBC'),
	(2,NULL,1,'ECON'),
	(3,NULL,1,'FHS'),
	(4,NULL,1,'FREN'),
	(5,NULL,1,'FWS'),
	(6,NULL,1,'GOVT'),
	(7,NULL,1,'HIST'),
	(8,NULL,1,'KORE'),
	(9,NULL,1,'LEAD'),
	(10,NULL,1,'LIT'),
	(11,NULL,1,'MATH'),
	(12,NULL,1,'PHIL'),
	(13,NULL,1,'PONT'),
	(14,NULL,1,'PORT'),
	(15,NULL,1,'PPE'),
	(16,NULL,1,'PSYC'),
	(17,NULL,1,'RLST'),
	(18,NULL,1,'SPAN'),
	(19,NULL,1,'AFRI'),
	(20,NULL,1,'CSCI'),
	(21,NULL,1,'FIN');

/*!40000 ALTER TABLE `school_departments` ENABLE KEYS */;
UNLOCK TABLES;


# Dump of table school_semesters
# ------------------------------------------------------------

DROP TABLE IF EXISTS `school_semesters`;

CREATE TABLE `school_semesters` (
  `school_semester_id` int(11) NOT NULL AUTO_INCREMENT,
  `school_id` int(11) NOT NULL,
  `end_date` datetime NOT NULL,
  `due_date` datetime NOT NULL,
  `start_date` datetime NOT NULL,
  `term` varchar(20) NOT NULL,
  `year` smallint(6) NOT NULL,
  PRIMARY KEY (`school_semester_id`),
  KEY `fkIdx_109` (`school_id`),
  CONSTRAINT `FK_109` FOREIGN KEY (`school_id`) REFERENCES `schools` (`school_id`)
) ENGINE=InnoDB DEFAULT CHARSET=utf8;

LOCK TABLES `school_semesters` WRITE;
/*!40000 ALTER TABLE `school_semesters` DISABLE KEYS */;

INSERT INTO `school_semesters` (`school_semester_id`, `school_id`, `end_date`, `due_date`, `start_date`, `term`, `year`)
VALUES
	(1,1,'2018-05-18 00:00:00','2018-05-18 00:00:00','2018-01-01 00:00:00','Spring',2018),
	(2,1,'2018-12-20 00:00:00','2018-12-20 00:00:00','2018-05-19 00:00:00','Fall',2018),
	(3,1,'2019-05-18 00:00:00','2019-05-18 00:00:00','2018-12-21 00:00:00','Spring',2019),
	(4,1,'2019-12-20 00:00:00','2019-12-20 00:00:00','2019-05-19 00:00:00','Fall',2019),
	(5,1,'2020-05-18 00:00:00','2020-05-18 00:00:00','2019-12-21 00:00:00','Spring',2020);

/*!40000 ALTER TABLE `school_semesters` ENABLE KEYS */;
UNLOCK TABLES;


# Dump of table schools
# ------------------------------------------------------------

DROP TABLE IF EXISTS `schools`;

CREATE TABLE `schools` (
  `school_id` int(11) NOT NULL AUTO_INCREMENT,
  `name` varchar(45) NOT NULL,
  PRIMARY KEY (`school_id`)
) ENGINE=InnoDB DEFAULT CHARSET=utf8;

LOCK TABLES `schools` WRITE;
/*!40000 ALTER TABLE `schools` DISABLE KEYS */;

INSERT INTO `schools` (`school_id`, `name`)
VALUES
	(1,'CMC');

/*!40000 ALTER TABLE `schools` ENABLE KEYS */;
UNLOCK TABLES;



/*!40111 SET SQL_NOTES=@OLD_SQL_NOTES */;
/*!40101 SET SQL_MODE=@OLD_SQL_MODE */;
/*!40014 SET FOREIGN_KEY_CHECKS=@OLD_FOREIGN_KEY_CHECKS */;
/*!40101 SET CHARACTER_SET_CLIENT=@OLD_CHARACTER_SET_CLIENT */;
/*!40101 SET CHARACTER_SET_RESULTS=@OLD_CHARACTER_SET_RESULTS */;
/*!40101 SET COLLATION_CONNECTION=@OLD_COLLATION_CONNECTION */;
