# ************************************************************
# Sequel Pro SQL dump
# Version 4541
#
# http://www.sequelpro.com/
# https://github.com/sequelpro/sequelpro
#
# Host: 127.0.0.1 (MySQL 5.7.23)
# Database: Huntley
# Generation Time: 2019-06-15 11:28:42 +0000
# ************************************************************


/*!40101 SET @OLD_CHARACTER_SET_CLIENT=@@CHARACTER_SET_CLIENT */;
/*!40101 SET @OLD_CHARACTER_SET_RESULTS=@@CHARACTER_SET_RESULTS */;
/*!40101 SET @OLD_COLLATION_CONNECTION=@@COLLATION_CONNECTION */;
/*!40101 SET NAMES utf8 */;
/*!40014 SET @OLD_FOREIGN_KEY_CHECKS=@@FOREIGN_KEY_CHECKS, FOREIGN_KEY_CHECKS=0 */;
/*!40101 SET @OLD_SQL_MODE=@@SQL_MODE, SQL_MODE='NO_AUTO_VALUE_ON_ZERO' */;
/*!40111 SET @OLD_SQL_NOTES=@@SQL_NOTES, SQL_NOTES=0 */;


# Dump of table book_huntley_prices
# ------------------------------------------------------------

DROP TABLE IF EXISTS `book_huntley_prices`;

CREATE TABLE `book_huntley_prices` (
  `book_id` int(11) NOT NULL,
  `new_shelf_price` int(11) DEFAULT NULL,
  `used_shelf_price` int(11) DEFAULT NULL,
  `new_rental_price` int(11) DEFAULT NULL,
  `used_rental_price` int(11) DEFAULT NULL,
  PRIMARY KEY (`book_id`),
  KEY `fkIdx_336` (`book_id`),
  CONSTRAINT `FK_336` FOREIGN KEY (`book_id`) REFERENCES `books` (`book_id`)
) ENGINE=InnoDB DEFAULT CHARSET=utf8;



# Dump of table books
# ------------------------------------------------------------

DROP TABLE IF EXISTS `books`;

CREATE TABLE `books` (
  `book_id` int(11) NOT NULL AUTO_INCREMENT,
  `title` varchar(200) DEFAULT NULL,
  `isbn10` varchar(15) DEFAULT NULL,
  `isbn13` varchar(15) DEFAULT NULL,
  `edition` varchar(20) DEFAULT NULL,
  `author` varchar(200) DEFAULT NULL,
  PRIMARY KEY (`book_id`)
) ENGINE=InnoDB AUTO_INCREMENT=274 DEFAULT CHARSET=utf8;

LOCK TABLES `books` WRITE;
/*!40000 ALTER TABLE `books` DISABLE KEYS */;

INSERT INTO `books` (`book_id`, `title`, `isbn10`, `isbn13`, `edition`, `author`)
VALUES
	(1,'Anthology of Arabic Literature, Culture, and Thought from Pre-Islamic Times to the Present: Wiht Online Media','0300228872','9780300228878',NULL,'Bassam K. Frangieh'),
	(2,'Arabic for Life','0300141319','9780300141313',NULL,'Bassam K. Frangieh'),
	(3,'A Dictionary of Modern Written Arabic','0879500034','9780879500030',NULL,'Hans Wehr'),
	(4,'Corporate Finance','013408327X','9780134083278','4th','Jonathan Berk, Peter DeMarzo'),
	(5,'Microeconomics','0134167384','9780134167381','4th','Jeffrey M. Perloff'),
	(6,'Business Law and the Regulation of Business','1305509552','9781305509559','12th','Richard A. Mann, Barry S. Roberts'),
	(7,'Business Law and the Regulation of Business','1305509552','9781285990798','14th','Richard A. Mann, Barry S. Roberts'),
	(8,'Introduction to Public Policy','039314982X','9780393149821',NULL,'Charles Wheelan'),
	(9,'Strategies and Games','0262041693','9780262041690',NULL,'Prajit K. Dutta, Prajit K.. Dutta'),
	(10,'Introductory Econometrics: A Modern Approach','130527010X','9781305270107','6th','Jeffrey M. Wooldridge'),
	(11,'Essentials of Economics','1285165950','9781285165950','7th','N. Gregory Mankiw'),
	(12,'Intermediate Accounting','0134730372','9780134730370','2nd','Elizabeth A. Gordon, Alexander J. Sannella'),
	(13,'Statistics for Management and Economics + XLSTAT Bind-in','1337093459','9781337093453','11th','Gerald Keller'),
	(14,'Investments','1259277178','9781259277177','11th','Alan J. Marcus, Professor, Zvi Bodie, Professor, Alex Kane'),
	(15,'The Undercover Economist','0345494016','9780345494016',NULL,'Tim Harford'),
	(16,'Naked Economics: Undressing the Dismal Science (Fully Revised and Updated)','0393337642','9780393337648',NULL,'Charles Wheelan'),
	(17,'The Armchair Economist','1451651732','9781451651737',NULL,'Steven E. Landsburg'),
	(18,'Principles of Economics','1305585127','9781305585126','8th','N. Gregory Mankiw'),
	(19,'Macroeconomics','1464182892','9781464182891','9th','N. Gregory Mankiw'),
	(20,'CM ECON 151','1049175131','9781308715766','10th',''),
	(21,'Loose Leaf for Principles of Taxation for Business and Investment Planning 2019 Edition','1260161471','9781260161472','22nd','Sally Jones, Shelley C. Rhoades-Catanach, Sandra R Callaghan'),
	(22,'Loose Leaf for Principles of Taxation for Business and Investment Planning 2019 Edition','1260161471','9781259917097','22nd','Sally Jones, Shelley C. Rhoades-Catanach, Sandra R Callaghan'),
	(23,'Strategic Management of Technological Innovation',NULL,'9781259539060','5th',NULL),
	(24,'Economics','0321391586','9780321391582',NULL,'Daron Acemoglu, David I. Laibson, John A. List'),
	(25,'Environmental Economics','0199732647','9780199732647','2nd','Charles D. Kolstad'),
	(26,'Auditing: A Risk Based-Approach','1337619450','9781337619455','11th','Karla M Johnstone, Audrey A. Gramling, Larry E. Rittenberg'),
	(27,'Contemporary Auditing','1305970810','9781305970816','11th','Michael C. Knapp'),
	(28,'Financial Statement Analysis and Valuation','1618531042','9781618531049','4th','Peter Douglas Easton, Mary Lea McAnally, Gregory A. Sommers, Xiao-Jun Zhang'),
	(29,'Governance of Natural Resources','N/A','9789280812282',NULL,'Jin Satō'),
	(30,'Natural Resource Economics','1478627808','9781478627807','3rd','Barry C. Field'),
	(31,'Modern Labor Economics','1138218154','9781138218154','13th','Ronald G. Ehrenberg, Robert Stewart Smith'),
	(32,'Fledgling','0446696161','9780446696166',NULL,'Octavia E. Butler'),
	(33,'Sense and Sensibility','0141439661','9780141439662',NULL,'Jane Austen'),
	(34,'Narrative of the Life of Frederick Douglass, an American Slave','0143107305','9780143107309',NULL,'Frederick Douglass'),
	(35,'Aristotle\'s Nicomachean Ethics','0226026752','9780226026756',NULL,'Aristotle, Robert C. Bartlett, Susan D. Collins'),
	(36,'Aristotle\'s Nicomachean Ethics','0226026752','9780671722586',NULL,'Aristotle, Robert C. Bartlett, Susan D. Collins'),
	(37,'Julius Caesar','0743482743','9780743482745',NULL,'William Shakespeare'),
	(38,'Agricola, Germany, and Dialogue on Orators','0872208117','9780872208117',NULL,'Cornelius Tacitus, Herbert W. Benario'),
	(39,'Discourse on Method','N/A','9781585102594',NULL,'René Descartes'),
	(40,'The Iliad of Homer (伊里亞德)','N/A','9780226470498',NULL,'Homer'),
	(41,'Henry V','1439117012','9780743484879',NULL,'William Shakespeare'),
	(42,'Richard II','1451644574','9780743484916',NULL,'William Shakespeare, Paul Werstine'),
	(43,'Henry IV','0743485041','9780743485043',NULL,'William Shakespeare'),
	(44,'Henry IV','0743485041','9780743485050',NULL,'William Shakespeare'),
	(45,'Four Texts on Socrates','0801485746','9780801485749',NULL,'Plato, Thomas G. West, Grace Starry West'),
	(46,'A Letter Concerning Toleration','0879755989','9780879755980',NULL,'John Locke'),
	(47,'Descartes: Meditations on First Philosophy','0521558182','9780521558181',NULL,'René Descartes, John Cottingham, Bernard Williams'),
	(48,'Republic (Grube Edition)','0872201368','9780872201361','2nd','Plato, G. M. A. Grube'),
	(49,'Republic (Grube Edition)','0872201368','9781420926996',NULL,'Plato, G. M. A. Grube'),
	(50,'The Conference of the Birds','0140444343','9780140444346',NULL,'Farid Attar'),
	(51,'The Complete Persepolis','0375714839','9780375714832',NULL,'Marjane Satrapi'),
	(52,'The Looming Tower','1400030846','9781400030842',NULL,'Lawrence Wright'),
	(53,'Approaching the Qur\'an','1883991692','9781883991692','2nd','Michael Anthony Sells'),
	(54,'Thomas Jefferson\'s Qur\'an','0307388395','9780307388391',NULL,'Denise A. Spellberg'),
	(55,'I Am the Beggar of the World',NULL,'9780374535186',NULL,NULL),
	(56,'Othello','039326422X','9780393264227','2nd','William Shakespeare'),
	(57,'Fanaticism, Or Mahomet the Prophet','1936117819','9781936117819',NULL,'Voltaire'),
	(58,'Muhammad','0192876058','9780192876058',NULL,'M. A. Cook'),
	(59,'Readings in Christian Thought','0687355478','9780687355471','2nd','Hugh Thomson Kerr'),
	(60,'Introducing Liberation Theology','0883445506','9780883445501',NULL,'Leonardo Boff'),
	(61,'The Major Religions','140511049X','9781405110495','2nd','T. Patrick Burke'),
	(62,'Martin & Malcolm & America','1570759790','9781570759796',NULL,'James H. Cone'),
	(63,'The Iliad','0140275363','9780140275360',NULL,'Homer'),
	(64,'Egil\'s Saga : Penguin Classics','0140447709','9780140447705',NULL,'Snorri Sturluson, Bernard Scudder, Svanhildur Oskarsdottir'),
	(65,'The Aeneid','0143105132','9780143105138',NULL,'Virgil, Robert Fagles, Bernard Knox'),
	(66,'Beowulf','0393975800','9780393975802',NULL,'Daniel Donoghue, Seamus Heaney'),
	(67,'Silmarillion',NULL,'9780544338012',NULL,NULL),
	(68,'The Life of Apollonius of Tyana','144956268X','9781449562687',NULL,'Flavius Philostratus'),
	(69,'En bonne forme','0470424214','9780470424216','8th','Simone Renaud, Dominique van Hooff'),
	(70,'En bonne forme, Student Activities Manual (SAM)','0470428694','9780470428696','8th','Simone Renaud'),
	(71,'L\'exil et le Royaume (Folio #78)',NULL,'9782070360789',NULL,NULL),
	(72,'Le Mur (Folio #878)',NULL,'9782070368785',NULL,NULL),
	(73,'Boule de Suif suivie de','226617102X','9782266171021',NULL,'Guy de Maupassant'),
	(74,'Nouvelles d\'Haïti','235074227X','9782350742274',NULL,'Kettly Mars'),
	(75,'Deux mondes (Student Edition)','0073386456','9780073386454','7th','Guy Spielmann, Betsy Kerr, Tracy Terrell, Mary Rogers'),
	(76,'Deux Mondes (Cahier d\'exer)',NULL,'9780077412708','7th',NULL),
	(77,'La Preface du Negre',NULL,'9782330039462',NULL,NULL),
	(78,'Entendez-vous dans les montagnes...','2815913062','9782815913065',NULL,'Maïssa Bey'),
	(79,'Les Tribulations du dernier Sijilmassi',NULL,'9782266258685',NULL,NULL),
	(80,'The Art of the Short Story','0321363639','9780321363633',NULL,'Dana Gioia, R. S. Gwynn'),
	(81,'Several Short Sentences about Writing','0307279413','9780307279415',NULL,'Verlyn Klinkenborg'),
	(82,'Cutty, One Rock','0374530181','9780374530181',NULL,'August Kleinzahler'),
	(83,'Somebody with a Little Hammer','0307378225','9780307378224',NULL,'Mary Gaitskill'),
	(84,'Frankenstein','0393927938','9780393927931','2nd','Mary Wollstonecraft Shelley'),
	(85,'Grendel','0679723110','9780679723110',NULL,'John Gardner'),
	(86,'Macbeth','0743477103','9780743477109',NULL,'William Shakespeare'),
	(87,'The Iliad','0140445927','9780140445923',NULL,'Homer'),
	(88,'Greek Tragedies (V1)',NULL,'9780226035284','3rd',NULL),
	(89,'Things Fall Apart','0385474547','9780385474542',NULL,'Chinua Achebe'),
	(90,'Beowulf (Bilingual Edition)','0393320979','9780393320978',NULL,'Seamus Heaney'),
	(91,'Père Goriot','039397166X','9780393971668',NULL,'Honoré de Balzac'),
	(92,'A Midsummer Night\'s Dream','0743477545','9780743477543',NULL,'William Shakespeare'),
	(93,'Zeitoun','0307387941','9780307387943',NULL,'Dave Eggers'),
	(94,'Between the World and Me','0812993543','9780812993547',NULL,'Ta-Nehisi Coates'),
	(95,'Southland','1888451416','9781888451412',NULL,'Nina Revoyr'),
	(96,'Sea of Poppies',NULL,'9780312428594',NULL,NULL),
	(97,'Introduction to Comparative Politics: Political Challenges and Changing Agendas','1337560448','9781337560443','8th','Mark Kesselman, Joel Krieger, William A. Joseph'),
	(98,'The Warrior State','0190231440','9780190231446',NULL,'T. V. Paul, Thazha Varkey Paul'),
	(99,'Active Liberty','0307274942','9780307274946',NULL,'Stephen Breyer'),
	(100,'A Matter of Interpretation','0691004005','9780691004006',NULL,'Antonin Scalia, Amy Gutmann'),
	(101,'Justices, Presidents, and Senators','0742558959','9780742558953','5th','Henry Julian Abraham'),
	(102,'Judicial Process and Judicial Policymaking','1435462394','9781435462397','6th','G. Alan Tarr'),
	(103,'America\'s Constitution','0812972724','9780812972726',NULL,'Akhil Reed Amar'),
	(104,'American Constitutional Law, Volume I','0813349966','9780813349961','10th','Ralph A. Rossum, G. Alan Tarr'),
	(105,'The Fundamentals of Political Science Research','1107621666','9781107621664','2nd','Paul Kellstedt, Guy Whitten'),
	(106,'Government Against Itself','0199990743','9780199990740',NULL,'Daniel DiSalvo'),
	(107,'The Business of America Is Lobbying','0190677430','9780190677435',NULL,'Lee Drutman'),
	(108,'The Interest Group Society','1138691747','9781138691742','6th','Jeffrey M. Berry, Clyde Wilcox'),
	(109,'Coming Apart','030745343X','9780307453433',NULL,'Charles Murray'),
	(110,'Rules for Radicals','0679721134','9780679721130',NULL,'Saul David Alinsky'),
	(111,'The Constitution','0844772585','9780844772585',NULL,'Michael S. Greve'),
	(112,'Our Declaration','1631490443','9781631490446',NULL,'Danielle Allen'),
	(113,'The Prince','N/A','9780226500447','2nd','Niccolò Machiavelli'),
	(114,'Aristotle\'s \"Politics\"','0226921840','9780226921846','2nd','Aristotle'),
	(115,'Rousseau: \'The Discourses\' and Other Early Political Writings','0521424453','9780521424455',NULL,'Jean-Jacques Rousseau, Victor Gourevitch'),
	(116,'Beyond Good and Evil','0679724656','9780679724650',NULL,'Friedrich Wilhelm Nietzsche'),
	(117,'Treatise on Law','0872205487','9780872205482',NULL,'St. Thomas Aquinas, Richard J. Regan'),
	(118,'Second Treatise of Government','0915144867','9780915144860',NULL,'John Locke, C. B. Macpherson'),
	(119,'The Republic of Plato','0465094082','9780465094080','3rd',''),
	(120,'Democracy in America (Perennial Classics Ed)',NULL,'9780061127922',NULL,NULL),
	(121,'Freedom in America','1608718441','9781608718443',NULL,'William Ker Muir'),
	(122,'Making Your Case','0314184716','9780314184719',NULL,'Antonin Scalia, Bryan A. Garner'),
	(123,'Associated Press Stylebook 2016',NULL,'9780917360633',NULL,NULL),
	(124,'Little Bunch of Madmen','0982590822','9780982590829',NULL,'Mort Rosenblum'),
	(125,'Journalistic Writing','1933338385','9781933338385','3rd','Robert M. Knight'),
	(126,'Principles of International Law','0314262687','9780314262684','2nd','Sean D. Murphy'),
	(127,'International Law: Norms, Actors, Process: A Problem-Oriented Approach','1454849517','9781454849513','4th','Jeffrey L. Dunoff, Steven R. Ratner, David Wippman'),
	(128,'Human Rights','1599412616','9781599412610','2nd','Louis Henkin, Sarah H. Cleveland, Laurence R. Helfer, Gerald L. Neuman, Diane F. Orentlicher'),
	(129,'World Politics','0393938093','9780393938098','3rd','Jeffry A. Frieden, David A. Lake, Kenneth A. Schultz'),
	(130,'Contemporary Cases in U.S. Foreign Policy','1452241546','9781452241548','5th','Ralph G. Carter'),
	(131,'What the Anti-Federalists Were For','0226775747','9780226775746',NULL,'Herbert J. Storing'),
	(132,'American Political History','0199340056','9780199340057',NULL,'Donald T. Critchlow'),
	(133,'Founding the American Presidency','0847694992','9780847694990',NULL,'Richard J. Ellis'),
	(134,'The American Presidency','1483318699','9781483318691','7th','Sidney M. Milkis'),
	(135,'The Politics of the Presidency','1483375633','9781483375632','9th',''),
	(136,'Defying the Odds',NULL,'9781442273474',NULL,NULL),
	(137,'Debating the Presidency; Conflicting Perspectives on the American Executive','1506344488','9781506344485','4th','Richard J. Ellis, Michael Nelson'),
	(138,'Evolving Presidency',NULL,'9781544323169','6th',NULL),
	(139,'Trump Presidency',NULL,'9781538105740',NULL,NULL),
	(140,'Thirteen Days','0393318346','9780393318340',NULL,'Robert F. Kennedy'),
	(141,'Great Speeches','0486268721','9780486268729',NULL,'Abraham Lincoln'),
	(142,'Narrative of the Life of Frederick Douglass','0486284999','9780486284996',NULL,'Frederick Douglass'),
	(143,'American Government and Politics: Deliberation, Democracy and Citizenship','1133587895','9781133587897','2nd','Joseph M. Bessette, John J. Pitney'),
	(144,'American Political Rhetoric',NULL,'9781442232198','7th',NULL),
	(145,'Debating the Death Penalty','0195179803','9780195179804',NULL,'Hugo Adam Bedau, Paul G. Cassell'),
	(146,'Locked In','0465096913','9780465096916',NULL,'John Pfaff'),
	(147,'Black Silent Majority','0674743997','9780674743991',NULL,'Michael Javen Fortner'),
	(148,'The New Jim Crow','1595586431','9781595586438',NULL,'Michelle Alexander'),
	(149,'Armageddon Averted','0195368630','9780195368635',NULL,'Stephen Kotkin'),
	(150,'Sex, Politics, and Putin','0199324352','9780199324354',NULL,'Valerie Sperling'),
	(151,'Short History of Reconstruction',NULL,'9780062370860',NULL,NULL),
	(152,'The Classic Slave Narratives','0451532139','9780451532138',NULL,'Henry Louis Gates'),
	(153,'Race and Reunion','0674008197','9780674008199',NULL,'David W. BLIGHT'),
	(154,'Contagious Divides','0520226291','9780520226296',NULL,'Nayan Shah'),
	(155,'A Midwife\'s Tale','0679733760','9780679733768',NULL,'Laurel Ulrich'),
	(156,'Eugenic Nation','0520285069','9780520285064','2nd','Alexandra Minna Stern'),
	(157,'End of a Global Pox',NULL,'9781469642321',NULL,NULL),
	(158,'Talons of the Eagle','0199856958','9780199856954','4th','Peter H. Smith'),
	(159,'Chasing Aphrodite',NULL,'9780151015016',NULL,NULL),
	(160,'Who Owns Antiquity?','0691148104','9780691148106',NULL,'James Cuno'),
	(161,'Rogues\' Gallery','0767924894','9780767924894',NULL,'Michael Gross'),
	(162,'The Lady in Gold','1101873124','9781101873120',NULL,'Anne Marie O\'Connor'),
	(163,'The Duel','0300089163','9780300089165',NULL,'John Lukacs'),
	(164,'Inferno','0307475530','9780307475534',NULL,'Max Hastings'),
	(165,'Harvest of Empire','0143119281','9780143119289',NULL,'Juan González'),
	(166,'Walls and Mirrors','0520202198','9780520202191',NULL,'David G. Gutiérrez'),
	(167,'Memoirs from the House of the Dead',NULL,'9780199540518',NULL,NULL),
	(168,'The Brothers Karamazov','0374528373','9780374528379',NULL,'Fyodor Dostoevsky'),
	(169,'The Double and the Gambler','0375719016','9780375719011',NULL,'Fyodor Mikhailovich Dostoevsky, Fyodor Dostoyevsky'),
	(170,'Crime and Punishment','0679734503','9780679734505',NULL,'Fyodor M. Dostoevsky'),
	(171,'Notes from Underground','067973452X','9780679734529',NULL,'Fedor Mikhaĭlovich Dostoevskiĭ, Fyodor Dostoyevsky'),
	(172,'Dostoevsky','0691155992','9780691155999',NULL,'Joseph Frank'),
	(173,'Behind Closed Doors','0300168969','9780300168969',NULL,'Amanda Vickery'),
	(174,'What Matters in Jane Austen?',NULL,'9781620400425',NULL,NULL),
	(175,'The Golden Ass','0140435905','9780140435900',NULL,'Apuleius, E. J. Kenney'),
	(176,'The Letters of the Younger Pliny','0140441271','9780140441277',NULL,'Gaius Plinius Caecilius Secundus, Plinio (El joven.), Cayo Plinio Cecilio Segundo, The Younger Pliny, Pline le Jeune, Pliny the Younger Staff'),
	(177,'The Erotic Poems','0140443606','9780140443608',NULL,'Ovid, Peter Green'),
	(178,'The Satyricon','0199539219','9780199539215',NULL,'Petronius,'),
	(179,'Integrated Korean','0824836502','9780824836504','2nd','Young-mee Cho'),
	(180,'Integrated Korean Workbook','0824836510','9780824836511','2nd','Mee-Jeong Park, Sang-Suk Oh, Joowon Suh, Mary Shin Kim'),
	(181,'Integrated Korean: Beginning 1','0824834402','9780824834401','2nd','Young-mee Cho, Hyo Sang Lee, Carol Schulz'),
	(182,'Integrated Korean Workbook','082483450X','9780824834500','2nd','Mee-Jeong Park, Sung-Ock S. Sohn, Joowon Suh, Mary Shin Kim'),
	(183,'Leadership','1483317536','9781483317533','7th','Peter G. Northouse'),
	(184,'A Hero of Our Time','0140447954','9780140447958',NULL,'Mikhail Lermontov, Paul Foote'),
	(185,'The Complete Prose Tales of Alexandr Sergeyevitch Pushkin','0393004651','9780393004656',NULL,'Aleksandr Sergeevich Pushkin, Gillon R. Aitken'),
	(186,'Fathers and Children','0393927970','9780393927979','2nd','Ivan Sergeevich Turgenev'),
	(187,'Crime and Punishment','0393956237','9780393956238','3rd','Fyodor Dostoyevsky, Fedor M. Dostoevskij'),
	(188,'Anna Karenina','0393966429','9780393966428','2nd','graf Leo Tolstoy, Aylmer Maude'),
	(189,'Eugene Onegin','N/A','9780875011066',NULL,'Aleksandr Sergeevich Pushkin'),
	(190,'The six-gun mystique sequel','N/A','9780879727864',NULL,'John G. Cawelti'),
	(191,'Dickinson','0674066383','9780674066380',NULL,'Helen Vendler, Emily Dickinson'),
	(192,'Vita Nuova',NULL,'9780199540655',NULL,NULL),
	(193,'The Inferno','0385496982','9780385496988',NULL,'Dante Alighieri'),
	(194,'Purgatorio','0385497008','9780385497008',NULL,'Dante Alighieri'),
	(195,'Dante\'s Paradise','140003115X','9781400031153',NULL,'Dante Alighieri'),
	(196,'The Oxford History of World Cinema','0198742428','9780198742425',NULL,'Geoffrey Nowell-Smith'),
	(197,'The Hollywood Economist','1612190502','9781612190501',NULL,'Edward Jay Epstein'),
	(198,'The Merchant of Venice','0743477561','9780743477567',NULL,'William Shakespeare'),
	(199,'All\'s Well That Ends Well',NULL,'9780743484978',NULL,NULL),
	(200,'The Bedford Companion to Shakespeare','0312248806','9780312248802','2nd','Russ McDonald'),
	(201,'The Waste Land','0393974995','9780393974997',NULL,'Thomas Stearns Eliot, Michael North'),
	(202,'Norton Anthology of M&C Poetry (V1:Modern)',NULL,'9780393977912','3rd',NULL),
	(203,'The Sound and the Fury','0679732241','9780679732242',NULL,'William Faulkner'),
	(204,'Invisible Man','0679732764','9780679732761',NULL,'Ralph Ellison'),
	(205,'Nightwood','0811216713','9780811216715',NULL,'Djuna Barnes'),
	(206,'Calculus With Analytic Geometry','0070576424','9780070576421','2nd','George Simmons'),
	(207,'Linear Algebra','0387940995','9780387940991',NULL,'Robert J. Valenza'),
	(208,'Linear Algebra','0387909923','9780387909929',NULL,'Charles Curtis'),
	(209,'Short Calculus','0387953272','9780387953274',NULL,'Serge Lang'),
	(210,'Essential Calculus','1133112293','9781133112297','2nd','James Stewart'),
	(211,'Elementary Differential Equations and Boundary Value Problems, 10th Edition','0470458313','9780470458310','10th','William E. Boyce, Richard C. DiPrima'),
	(212,'Essential Calculus: Early Transcendentals','1133112285','9781133112280','2nd','James Stewart'),
	(213,'Calculus: Early Transcendentals','0538497904','9780538497909','7th','James Stewart'),
	(214,'Justice','0195335120','9780195335125',NULL,'Michael J. Sandel'),
	(215,'Why We Argue (and How We Should)',NULL,'9780415859059',NULL,NULL),
	(216,'Epistemic Injustice','0199570523','9780199570522',NULL,'Miranda Fricker'),
	(217,'The Epistemology of Resistance','0199929041','9780199929047',NULL,'José Medina'),
	(218,'Persons and Personal Identiy','0745654320','9780745654324',NULL,'Amy Kind'),
	(219,'The Constitution of Selves','0801474175','9780801474170',NULL,'Marya Schechtman'),
	(220,'A Concise History of Brazil','1107635241','9781107635241',NULL,'Boris Fausto'),
	(221,'Ponto de Encontro','0205782760','9780205782765','2nd','Anna Klobucka, Clemence De Jouat-Pastre, Patr?cia Isabel Sobral, Maria Luci De Biaji Moreira'),
	(222,'Bom Dia, Brasil','0300116314','9780300116311','3rd','Rejane de Oliveira Slade, Marta Almeida, Elizabeth Jackson'),
	(223,'Evicted','0553447459','9780553447453',NULL,'Matthew Desmond'),
	(224,'Liberalism Against Populism','0881333670','9780881333671',NULL,'William H. Riker'),
	(225,'Law\'s Order','0691090092','9780691090092',NULL,'David D. Friedman'),
	(226,'The Myth of the Rational Voter','0691138737','9780691138732',NULL,'Bryan Caplan'),
	(227,'Becoming Ms. Burton','1620972123','9781620972120',NULL,'Susan Burton, Cari Lynn'),
	(228,'Cognitive Psychology In and Out of the Laboratory','1452230323','9781452230320','5th','Kathleen M. Galotti'),
	(229,'Abnormal Psychology','0205970745','9780205970742','8th','Thomas F. Oltmanns, Robert E. Emery'),
	(230,'Forensic Legal Psychology',NULL,'9781319060312','3rd',NULL),
	(231,'Psychology','1464140812','9781464140815','11th','David G. Myers, C. Nathan DeWall'),
	(232,'Developmental Psychology: Childhood and Adolescence','1111834520','9781111834524','9th','David R. Shaffer, Katherine Kipp'),
	(233,'Sensation & Perception','160535211X','9781605352114','4th','Jeremy M. Wolfe, Keith R. Kluender, Dennis M. Levi'),
	(234,'Working','1565843428','9781565843424',NULL,'Studs Terkel'),
	(235,'An Everyone Culture','1625278624','9781625278623',NULL,'Robert Kegan, Lisa Laskow Lahey'),
	(236,'Using and Interpreting Statistics','1464107793','9781464107795','3rd','Eric W. Corty'),
	(237,'Made to Stick','009950569X','9780099505693',NULL,'Chip Heath, Dan Heath'),
	(238,'Leadership (CP) CM PSYC 140 FA18',NULL,NULL,NULL,NULL),
	(239,'Psychology with Updates on DSM-5','1464164746','9781464164743','10th','David G. Myers'),
	(240,'Mahatma Jotiba Phulley','0100005225','9780100005228',NULL,'Dharampal Singal (dr.)'),
	(241,'THE SCIENCE AND FICTION OF AUTISM','0674025695','9780674025691',NULL,'Laura Ellen Schreibman'),
	(242,'LooseLeaf for Understanding Psychology','1259737365','9781259737367','13th','Robert S Feldman'),
	(243,'Introduction to Industrial/Organizational Psychology','1138655325','9781138655324','7th','Ronald E. Riggio'),
	(244,'Social Psychology','1305580222','9781305580220','10th','Saul Kassin, Steven Fein, Hazel Rose Markus'),
	(245,'Theories of Personality','1111830665','9781111830663','10th','Richard M. Ryckman'),
	(246,'Fazlallah Astarabadi and the Hurufis','N/A','9781851683857',NULL,'Shahzad Bashir'),
	(247,'Ibn Arabi','1851685111','9781851685110',NULL,'William C. Chittick'),
	(248,'The Bhagavad-gita','0553213652','9780553213652',NULL,''),
	(249,'The Zionist Idea','X030145130','9780827606227',NULL,'Arthur Hertzberg'),
	(250,'Israel in the Middle East','0874519624','9780874519624','2nd','Itamar Rabinovich, Îtāmār Rabînôvîṣ, Jehuda Reinharz'),
	(251,'Israel','1611686180','9781611686180',NULL,'Anita Shapira'),
	(252,'Politics in Israel','0199335060','9780199335060',NULL,'Brent E. Sasley, Harold M. Waller'),
	(253,'An Introduction to Jewish-Christian Relations','0521705622','9780521705622',NULL,'Edward Kessler'),
	(254,'Standing Again at Sinai','0060666846','9780060666842',NULL,'Judith Plaskow'),
	(255,'Women and Jewish Law','0805210490','9780805210491',NULL,'Rachel Biale'),
	(256,'Jewish Women in Historical Perspective','0814327133','9780814327135','2nd','Judith Reesa Baskin'),
	(257,'On Women & Judaism','082760226X','9780827602267',NULL,'Blu Greenberg'),
	(258,'The Tools of Screenwriting','0312119089','9780312119089',NULL,'David Howard, Edward Mabley'),
	(259,'Routledge Companion to Religion & Film',NULL,'9780415601870',NULL,NULL),
	(260,'Film Theory','063120654X','9780631206545',NULL,'Robert Stam'),
	(261,'Screening The Sacred','0813388309','9780813388304',NULL,'Joel Martin'),
	(262,'Film as Religion','0814751814','9780814751817',NULL,'John Lyden'),
	(263,'The Writer\'s Journey','193290736X','9781932907360','3rd','Christopher Vogler'),
	(264,'Sab','071905706X','9780719057069',NULL,'Gertrudis Gómez de Avellaneda'),
	(265,'Antologia de Sor Juana Ines de la Cruz',NULL,'9781493671212',NULL,NULL),
	(266,'Mosaicos (w/MySpanish Lab & Duolingo Access Cards)',NULL,'9780134851518','6th',NULL),
	(267,'Mosaicos (w/out MySpanishLab Access)',NULL,'9780205255405','6th',NULL),
	(268,'Mosaicos (MySpanishLab Access)(w/Duolingo)',NULL,'9780135172070',NULL,NULL),
	(269,'Miradas','0131944126','9780131944121',NULL,'Claudia M. Mejía T., Conchita Lagunas Davis'),
	(270,'Repase y escriba','1118509315','9781118509319','7th','Maria Canteli Dominicis'),
	(271,'Fuentes: Conversacion y gramática','1285455479','9781285455471','5th','Debbie Rusch, Marcela Dominguez, Lucia Caycedo Garner'),
	(272,'Fuentes + Ilrn Heinle Learning Center','130512684X','9781305126848','5th',''),
	(273,'Fuentes: Conversacion etc (Act Manual)',NULL,'9781285733500','5th',NULL);

/*!40000 ALTER TABLE `books` ENABLE KEYS */;
UNLOCK TABLES;


# Dump of table course_books
# ------------------------------------------------------------

DROP TABLE IF EXISTS `course_books`;

CREATE TABLE `course_books` (
  `book_id` int(11) NOT NULL,
  `course_id` int(11) NOT NULL,
  PRIMARY KEY (`book_id`,`course_id`),
  KEY `fkIdx_193` (`book_id`),
  KEY `fkIdx_197` (`course_id`),
  CONSTRAINT `FK_193` FOREIGN KEY (`book_id`) REFERENCES `books` (`book_id`),
  CONSTRAINT `FK_197` FOREIGN KEY (`course_id`) REFERENCES `courses` (`course_id`)
) ENGINE=InnoDB DEFAULT CHARSET=utf8;

LOCK TABLES `course_books` WRITE;
/*!40000 ALTER TABLE `course_books` DISABLE KEYS */;

INSERT INTO `course_books` (`book_id`, `course_id`)
VALUES
	(1,1),
	(2,120),
	(3,120),
	(4,69),
	(5,67),
	(6,5),
	(7,6),
	(8,102),
	(9,8),
	(10,9),
	(11,19),
	(12,11),
	(13,12),
	(14,13),
	(15,19),
	(16,19),
	(17,19),
	(18,19),
	(19,57),
	(20,70),
	(21,17),
	(22,17),
	(23,18),
	(24,19),
	(25,118),
	(26,21),
	(27,21),
	(28,22),
	(29,104),
	(30,60),
	(30,104),
	(31,24),
	(32,114),
	(33,114),
	(34,114),
	(35,114),
	(36,114),
	(37,114),
	(38,114),
	(39,114),
	(40,114),
	(41,114),
	(42,114),
	(43,114),
	(44,114),
	(45,114),
	(46,114),
	(47,114),
	(48,114),
	(49,114),
	(50,114),
	(51,114),
	(52,114),
	(53,114),
	(54,114),
	(55,114),
	(56,114),
	(57,114),
	(58,114),
	(59,114),
	(60,114),
	(61,114),
	(62,114),
	(63,114),
	(64,114),
	(65,114),
	(66,114),
	(67,114),
	(68,114),
	(69,122),
	(70,122),
	(71,33),
	(72,33),
	(73,33),
	(74,33),
	(75,34),
	(76,34),
	(77,112),
	(78,112),
	(79,112),
	(80,114),
	(81,114),
	(82,114),
	(83,114),
	(84,114),
	(85,114),
	(86,114),
	(87,114),
	(88,114),
	(89,114),
	(90,114),
	(91,114),
	(92,114),
	(93,114),
	(94,114),
	(95,114),
	(96,84),
	(97,84),
	(98,42),
	(99,108),
	(100,108),
	(101,108),
	(102,108),
	(103,44),
	(104,44),
	(105,45),
	(106,46),
	(107,46),
	(108,46),
	(109,47),
	(110,47),
	(111,47),
	(112,47),
	(113,48),
	(114,48),
	(115,48),
	(116,48),
	(117,48),
	(118,48),
	(119,48),
	(120,58),
	(121,58),
	(122,50),
	(123,51),
	(124,51),
	(125,51),
	(126,52),
	(127,52),
	(128,53),
	(129,98),
	(130,55),
	(131,58),
	(132,58),
	(133,57),
	(134,57),
	(135,57),
	(136,57),
	(137,57),
	(138,57),
	(139,57),
	(140,58),
	(141,58),
	(142,58),
	(143,58),
	(144,58),
	(145,59),
	(146,59),
	(147,59),
	(148,59),
	(149,62),
	(150,62),
	(151,63),
	(152,63),
	(153,63),
	(154,64),
	(155,64),
	(156,64),
	(157,64),
	(158,65),
	(159,66),
	(160,66),
	(161,66),
	(162,66),
	(163,67),
	(164,67),
	(165,68),
	(166,68),
	(167,69),
	(168,69),
	(169,69),
	(170,69),
	(171,69),
	(172,69),
	(173,70),
	(174,70),
	(175,71),
	(176,71),
	(177,71),
	(178,71),
	(179,122),
	(180,122),
	(181,120),
	(182,120),
	(183,114),
	(184,108),
	(185,108),
	(186,108),
	(187,108),
	(188,108),
	(189,108),
	(190,76),
	(191,77),
	(192,87),
	(193,87),
	(194,87),
	(195,87),
	(196,112),
	(197,112),
	(198,80),
	(199,80),
	(200,80),
	(201,81),
	(202,81),
	(203,81),
	(204,81),
	(205,81),
	(206,109),
	(207,84),
	(208,84),
	(209,85),
	(210,86),
	(211,87),
	(212,109),
	(213,89),
	(214,122),
	(215,91),
	(216,92),
	(217,92),
	(218,93),
	(219,93),
	(220,94),
	(221,122),
	(222,122),
	(223,96),
	(224,96),
	(225,96),
	(226,96),
	(227,96),
	(228,97),
	(229,98),
	(230,99),
	(231,109),
	(232,101),
	(233,102),
	(234,110),
	(235,104),
	(236,105),
	(237,106),
	(239,109),
	(240,108),
	(241,108),
	(242,109),
	(243,110),
	(244,111),
	(245,112),
	(246,113),
	(247,113),
	(248,114),
	(249,115),
	(250,115),
	(251,115),
	(252,115),
	(253,116),
	(254,117),
	(255,117),
	(256,117),
	(257,117),
	(258,118),
	(259,118),
	(260,118),
	(261,118),
	(262,118),
	(263,118),
	(264,119),
	(265,119),
	(266,120),
	(267,120),
	(268,120),
	(269,121),
	(270,121),
	(271,122),
	(272,122),
	(273,122);

/*!40000 ALTER TABLE `course_books` ENABLE KEYS */;
UNLOCK TABLES;


# Dump of table courses
# ------------------------------------------------------------

DROP TABLE IF EXISTS `courses`;

CREATE TABLE `courses` (
  `course_id` int(11) NOT NULL AUTO_INCREMENT,
  `professor_id` int(11) NOT NULL,
  `school_semester_id` int(11) NOT NULL,
  `code` varchar(45) DEFAULT NULL,
  `name` varchar(45) DEFAULT NULL,
  `school_department_id` int(11) DEFAULT NULL,
  PRIMARY KEY (`course_id`),
  KEY `fkIdx_123` (`school_semester_id`),
  KEY `fkIdx_129` (`professor_id`),
  CONSTRAINT `FK_123` FOREIGN KEY (`school_semester_id`) REFERENCES `school_semesters` (`school_semester_id`),
  CONSTRAINT `FK_129` FOREIGN KEY (`professor_id`) REFERENCES `professors` (`professor_id`)
) ENGINE=InnoDB AUTO_INCREMENT=123 DEFAULT CHARSET=utf8;

LOCK TABLES `courses` WRITE;
/*!40000 ALTER TABLE `courses` DISABLE KEYS */;

INSERT INTO `courses` (`course_id`, `professor_id`, `school_semester_id`, `code`, `name`, `school_department_id`)
VALUES
	(1,72,2,'130',NULL,1),
	(2,26,2,'1',NULL,1),
	(3,84,2,'134',NULL,2),
	(4,75,2,'101',NULL,2),
	(5,73,2,'191',NULL,2),
	(6,65,2,'86',NULL,2),
	(7,64,2,'97',NULL,2),
	(8,62,2,'129',NULL,2),
	(9,58,2,'125',NULL,2),
	(10,57,2,'50',NULL,2),
	(11,48,2,'150',NULL,2),
	(12,42,2,'120',NULL,2),
	(13,37,2,'139',NULL,2),
	(14,35,2,'50',NULL,2),
	(15,30,2,'102',NULL,2),
	(16,28,2,'151',NULL,2),
	(17,25,2,'152',NULL,2),
	(18,24,2,'65',NULL,2),
	(19,21,2,'50',NULL,2),
	(20,21,2,'171',NULL,2),
	(21,8,2,'158',NULL,2),
	(22,6,2,'154',NULL,2),
	(23,5,2,'142',NULL,2),
	(24,3,2,'175',NULL,2),
	(25,67,2,'10',NULL,3),
	(26,56,2,'10',NULL,3),
	(27,54,2,'10',NULL,3),
	(28,46,2,'10',NULL,3),
	(29,33,2,'10',NULL,3),
	(30,20,2,'10',NULL,3),
	(31,10,2,'10',NULL,3),
	(32,69,2,'33',NULL,4),
	(33,69,2,'135',NULL,4),
	(34,1,2,'22',NULL,4),
	(35,1,2,'132',NULL,4),
	(36,83,2,'10',NULL,5),
	(37,81,2,'10',NULL,5),
	(38,63,2,'10',NULL,5),
	(39,22,2,'10',NULL,5),
	(40,18,2,'10',NULL,5),
	(41,70,2,'60',NULL,6),
	(42,70,2,'136C',NULL,6),
	(43,66,2,'119',NULL,6),
	(44,66,2,'112A',NULL,6),
	(45,64,2,'55',NULL,6),
	(46,60,2,'106',NULL,6),
	(47,60,2,'020H',NULL,6),
	(48,56,2,'80',NULL,6),
	(49,52,2,'20',NULL,6),
	(50,52,2,'112B',NULL,6),
	(51,39,2,'141',NULL,6),
	(52,29,2,'178',NULL,6),
	(53,29,2,'196',NULL,6),
	(54,23,2,'70',NULL,6),
	(55,23,2,'149',NULL,6),
	(56,13,2,'20',NULL,6),
	(57,13,2,'102',NULL,6),
	(58,7,2,'20',NULL,6),
	(59,7,2,'181',NULL,6),
	(60,5,2,'132E',NULL,6),
	(61,4,2,'60',NULL,6),
	(62,4,2,'173C',NULL,6),
	(63,80,2,'127',NULL,7),
	(64,80,2,'182',NULL,7),
	(65,67,2,'98',NULL,7),
	(66,59,2,'78',NULL,7),
	(67,59,2,'101',NULL,7),
	(68,51,2,'112',NULL,7),
	(69,33,2,'134',NULL,7),
	(70,15,2,'151',NULL,7),
	(71,10,2,'54',NULL,7),
	(72,72,2,'33',NULL,8),
	(73,43,2,'1',NULL,8),
	(74,74,2,'10',NULL,9),
	(75,82,2,'119',NULL,10),
	(76,82,2,'136',NULL,10),
	(77,81,2,'90',NULL,10),
	(78,63,2,'111',NULL,10),
	(79,53,2,'132',NULL,10),
	(80,47,2,'099A',NULL,10),
	(81,22,2,'82',NULL,10),
	(82,78,2,'30',NULL,11),
	(83,78,2,'60',NULL,11),
	(84,55,2,'60',NULL,11),
	(85,55,2,'031A',NULL,11),
	(86,41,2,'32',NULL,11),
	(87,41,2,'111',NULL,11),
	(88,38,2,'30',NULL,11),
	(89,27,2,'31',NULL,11),
	(90,68,2,'33',NULL,12),
	(91,61,2,'34',NULL,12),
	(92,49,2,'198',NULL,12),
	(93,44,2,'128',NULL,12),
	(94,77,2,'100',NULL,13),
	(95,77,2,'33',NULL,14),
	(96,9,2,'110A',NULL,15),
	(97,76,2,'40',NULL,16),
	(98,45,2,'70',NULL,16),
	(99,45,2,'180',NULL,16),
	(100,40,2,'30',NULL,16),
	(101,40,2,'81',NULL,16),
	(102,34,2,'97',NULL,16),
	(103,19,2,'37',NULL,16),
	(104,19,2,'142',NULL,16),
	(105,17,2,'109',NULL,16),
	(106,16,2,'140',NULL,16),
	(107,14,2,'30',NULL,16),
	(108,14,2,'119',NULL,16),
	(109,12,2,'30',NULL,16),
	(110,11,2,'37',NULL,16),
	(111,11,2,'92',NULL,16),
	(112,11,2,'132',NULL,16),
	(113,79,2,'59',NULL,17),
	(114,50,2,'10',NULL,17),
	(115,31,2,'87',NULL,17),
	(116,31,2,'137',NULL,17),
	(117,31,2,'163',NULL,17),
	(118,20,2,'171',NULL,17),
	(119,71,2,'125A',NULL,18),
	(120,36,2,'1',NULL,18),
	(121,32,2,'44',NULL,18),
	(122,2,2,'33',NULL,18);

/*!40000 ALTER TABLE `courses` ENABLE KEYS */;
UNLOCK TABLES;


# Dump of table professors
# ------------------------------------------------------------

DROP TABLE IF EXISTS `professors`;

CREATE TABLE `professors` (
  `professor_id` int(11) NOT NULL AUTO_INCREMENT,
  `first_name` varchar(45) DEFAULT NULL,
  `last_name` varchar(45) DEFAULT NULL,
  `email` varchar(45) DEFAULT NULL,
  `school_id` int(11) NOT NULL,
  PRIMARY KEY (`professor_id`),
  KEY `fkIdx_70` (`school_id`),
  CONSTRAINT `FK_70` FOREIGN KEY (`school_id`) REFERENCES `schools` (`school_id`)
) ENGINE=InnoDB AUTO_INCREMENT=85 DEFAULT CHARSET=utf8;

LOCK TABLES `professors` WRITE;
/*!40000 ALTER TABLE `professors` DISABLE KEYS */;

INSERT INTO `professors` (`professor_id`, `first_name`, `last_name`, `email`, `school_id`)
VALUES
	(1,NULL,'Aitel',NULL,1),
	(2,NULL,'Altamirano',NULL,1),
	(3,NULL,'Antecol',NULL,1),
	(4,NULL,'Appel',NULL,1),
	(5,NULL,'Ascher',NULL,1),
	(6,NULL,'Batta',NULL,1),
	(7,NULL,'Bessette',NULL,1),
	(8,NULL,'Birkenbeuel',NULL,1),
	(9,NULL,'Bjerk',NULL,1),
	(10,NULL,'Bjornlie',NULL,1),
	(11,NULL,'Bowman',NULL,1),
	(12,NULL,'Brown',NULL,1),
	(13,NULL,'Busch',NULL,1),
	(14,NULL,'Charlop',NULL,1),
	(15,NULL,'Cody',NULL,1),
	(16,NULL,'Conger',NULL,1),
	(17,NULL,'Cook',NULL,1),
	(18,NULL,'Crockett',NULL,1),
	(19,NULL,'Day',NULL,1),
	(20,NULL,'Espinosa',NULL,1),
	(21,NULL,'Evans',NULL,1),
	(22,NULL,'Farrell',NULL,1),
	(23,NULL,'Favretto',NULL,1),
	(24,NULL,'Filson',NULL,1),
	(25,NULL,'Finley',NULL,1),
	(26,NULL,'Frangieh',NULL,1),
	(27,NULL,'Fukshansky',NULL,1),
	(28,NULL,'Ganguly',NULL,1),
	(29,NULL,'Gann',NULL,1),
	(30,NULL,'Gelman',NULL,1),
	(31,NULL,'Gilbert',NULL,1),
	(32,NULL,'Gonzales',NULL,1),
	(33,NULL,'Hamburg',NULL,1),
	(34,NULL,'Harris',NULL,1),
	(35,NULL,'Helland',NULL,1),
	(36,NULL,'Hernandez',NULL,1),
	(37,NULL,'Hughson',NULL,1),
	(38,NULL,'Ibragimov',NULL,1),
	(39,NULL,'Jones',NULL,1),
	(40,NULL,'Kanaya',NULL,1),
	(41,NULL,'Kao',NULL,1),
	(42,NULL,'Keil',NULL,1),
	(43,NULL,'Kim',NULL,1),
	(44,NULL,'Kind',NULL,1),
	(45,NULL,'Krauss',NULL,1),
	(46,NULL,'Kreines',NULL,1),
	(47,NULL,'Lobis',NULL,1),
	(48,NULL,'Magilke',NULL,1),
	(49,NULL,'Martin',NULL,1),
	(50,NULL,'Martinez',NULL,1),
	(51,NULL,'Mestaz',NULL,1),
	(52,NULL,'Miller',NULL,1),
	(53,NULL,'Morrison',NULL,1),
	(54,NULL,'Nadon',NULL,1),
	(55,NULL,'Nelson',NULL,1),
	(56,NULL,'Nichols',NULL,1),
	(57,NULL,'Olfati',NULL,1),
	(58,NULL,'Ozbeklik',NULL,1),
	(59,NULL,'Petropoulos',NULL,1),
	(60,NULL,'Pitney',NULL,1),
	(61,NULL,'Rajczi',NULL,1),
	(62,NULL,'Raviv',NULL,1),
	(63,NULL,'Rentz',NULL,1),
	(64,NULL,'Rose',NULL,1),
	(65,NULL,'Rosett',NULL,1),
	(66,NULL,'Rossum',NULL,1),
	(67,NULL,'Sarzynski',NULL,1),
	(68,NULL,'Schroeder',NULL,1),
	(69,NULL,'Shelton',NULL,1),
	(70,NULL,'Sinha',NULL,1),
	(71,NULL,'Skinner',NULL,1),
	(72,NULL,'Staff',NULL,1),
	(73,NULL,'Taylor',NULL,1),
	(74,NULL,'Thompson',NULL,1),
	(75,NULL,'Tocoian',NULL,1),
	(76,NULL,'Umanath',NULL,1),
	(77,NULL,'Valencia',NULL,1),
	(78,NULL,'Valenza',NULL,1),
	(79,NULL,'Velji',NULL,1),
	(80,NULL,'Venit-Shelton',NULL,1),
	(81,NULL,'von Hallberg',NULL,1),
	(82,NULL,'Warner',NULL,1),
	(83,NULL,'Wyman',NULL,1),
	(84,NULL,'Yu',NULL,1);

/*!40000 ALTER TABLE `professors` ENABLE KEYS */;
UNLOCK TABLES;


# Dump of table school_departments
# ------------------------------------------------------------

DROP TABLE IF EXISTS `school_departments`;

CREATE TABLE `school_departments` (
  `school_department_id` int(11) NOT NULL AUTO_INCREMENT,
  `name` varchar(45) DEFAULT NULL,
  `school_id` int(11) NOT NULL,
  `code` varchar(45) DEFAULT NULL,
  PRIMARY KEY (`school_department_id`),
  KEY `fkIdx_61` (`school_id`),
  CONSTRAINT `FK_61` FOREIGN KEY (`school_id`) REFERENCES `schools` (`school_id`)
) ENGINE=InnoDB AUTO_INCREMENT=22 DEFAULT CHARSET=utf8;

LOCK TABLES `school_departments` WRITE;
/*!40000 ALTER TABLE `school_departments` DISABLE KEYS */;

INSERT INTO `school_departments` (`school_department_id`, `name`, `school_id`, `code`)
VALUES
	(1,NULL,1,'ARBC'),
	(2,NULL,1,'ECON'),
	(3,NULL,1,'FHS'),
	(4,NULL,1,'FREN'),
	(5,NULL,1,'FWS'),
	(6,NULL,1,'GOVT'),
	(7,NULL,1,'HIST'),
	(8,NULL,1,'KORE'),
	(9,NULL,1,'LEAD'),
	(10,NULL,1,'LIT'),
	(11,NULL,1,'MATH'),
	(12,NULL,1,'PHIL'),
	(13,NULL,1,'PONT'),
	(14,NULL,1,'PORT'),
	(15,NULL,1,'PPE'),
	(16,NULL,1,'PSYC'),
	(17,NULL,1,'RLST'),
	(18,NULL,1,'SPAN'),
	(19,NULL,1,'AFRI'),
	(20,NULL,1,'CSCI'),
	(21,NULL,1,'FIN');

/*!40000 ALTER TABLE `school_departments` ENABLE KEYS */;
UNLOCK TABLES;


# Dump of table school_semesters
# ------------------------------------------------------------

DROP TABLE IF EXISTS `school_semesters`;

CREATE TABLE `school_semesters` (
  `school_semester_id` int(11) NOT NULL AUTO_INCREMENT,
  `school_id` int(11) NOT NULL,
  `end_date` datetime NOT NULL,
  `due_date` datetime NOT NULL,
  `start_date` datetime NOT NULL,
  `term` varchar(20) NOT NULL,
  `year` smallint(6) NOT NULL,
  PRIMARY KEY (`school_semester_id`),
  KEY `fkIdx_109` (`school_id`),
  CONSTRAINT `FK_109` FOREIGN KEY (`school_id`) REFERENCES `schools` (`school_id`)
) ENGINE=InnoDB AUTO_INCREMENT=6 DEFAULT CHARSET=utf8;

LOCK TABLES `school_semesters` WRITE;
/*!40000 ALTER TABLE `school_semesters` DISABLE KEYS */;

INSERT INTO `school_semesters` (`school_semester_id`, `school_id`, `end_date`, `due_date`, `start_date`, `term`, `year`)
VALUES
	(1,1,'2018-05-18 00:00:00','2018-05-18 00:00:00','2018-01-01 00:00:00','Spring',2018),
	(2,1,'2018-12-20 00:00:00','2018-12-20 00:00:00','2018-05-19 00:00:00','Fall',2018),
	(3,1,'2019-05-18 00:00:00','2019-05-18 00:00:00','2018-12-21 00:00:00','Spring',2019),
	(4,1,'2019-12-20 00:00:00','2019-12-20 00:00:00','2019-05-19 00:00:00','Fall',2019),
	(5,1,'2020-05-18 00:00:00','2020-05-18 00:00:00','2019-12-21 00:00:00','Spring',2020);

/*!40000 ALTER TABLE `school_semesters` ENABLE KEYS */;
UNLOCK TABLES;


# Dump of table schools
# ------------------------------------------------------------

DROP TABLE IF EXISTS `schools`;

CREATE TABLE `schools` (
  `school_id` int(11) NOT NULL AUTO_INCREMENT,
  `name` varchar(45) NOT NULL,
  PRIMARY KEY (`school_id`)
) ENGINE=InnoDB AUTO_INCREMENT=2 DEFAULT CHARSET=utf8;

LOCK TABLES `schools` WRITE;
/*!40000 ALTER TABLE `schools` DISABLE KEYS */;

INSERT INTO `schools` (`school_id`, `name`)
VALUES
	(1,'CMC');

/*!40000 ALTER TABLE `schools` ENABLE KEYS */;
UNLOCK TABLES;



/*!40111 SET SQL_NOTES=@OLD_SQL_NOTES */;
/*!40101 SET SQL_MODE=@OLD_SQL_MODE */;
/*!40014 SET FOREIGN_KEY_CHECKS=@OLD_FOREIGN_KEY_CHECKS */;
/*!40101 SET CHARACTER_SET_CLIENT=@OLD_CHARACTER_SET_CLIENT */;
/*!40101 SET CHARACTER_SET_RESULTS=@OLD_CHARACTER_SET_RESULTS */;
/*!40101 SET COLLATION_CONNECTION=@OLD_COLLATION_CONNECTION */;
